# file opened: zuma_new_spg.asm
   1  0000              ; ===========================================================================
   2  0000              ; ZUMA DELUXE - TS-Config (ПОЛНАЯ ИГРА)
   3  0000              ; ===========================================================================
   4  0000
   5  0000                  DEVICE ZXSPECTRUM1024          ; SPG-сборка: 64 страницы (для двух canvas-экранов)
   6  0000                  OPT --syntax=ab
   7  0000
   8  0000              ; ================================================================
   9  0000              ; ПОРТЫ (TS-CONFIG)
  10  0000              ; ================================================================
  11  0000              VCONFIG  EQU #00AF
  12  0000              VPAGE    EQU #01AF
  13  0000              TSCONFIG EQU #06AF
  14  0000              PALSEL   EQU #07AF
  15  0000              FMADDR   EQU #15AF
  16  0000              SYSCONG  EQU #20AF
  17  0000              PAGE0    EQU #10AF
  18  0000              PAGE1    EQU #11AF
  19  0000              PAGE2    EQU #12AF
  20  0000              PAGE3    EQU #13AF
  21  0000              INTMASK  EQU #2AAF       ; маска IRQ: бит 0=frame, бит 1=line, бит 2=DMA
  22  0000              INTMSKF  EQU %00000001   ; включить только frame IRQ (vsync, 50 Гц)
  23  0000              TMPAGE   EQU #16AF
  24  0000              T0GPAGE  EQU #17AF
  25  0000              SGPAGE   EQU #19AF
  26  0000              T0XOFSL  EQU #40AF
  27  0000              T0XOFSH  EQU #41AF
  28  0000              T0YOFSL  EQU #42AF
  29  0000              T0YOFSH  EQU #43AF
  30  0000
  31  0000              ; ================================================================
  32  0000              ; DMA (TS-Conf) — для блита шаров цепочки в canvas
  33  0000              ; ================================================================
  34  0000              DMASADL  EQU #1AAF
  35  0000              DMASADH  EQU #1BAF
  36  0000              DMASADX  EQU #1CAF
  37  0000              DMADADL  EQU #1DAF
  38  0000              DMADADH  EQU #1EAF
  39  0000              DMADADX  EQU #1FAF
  40  0000              DMALEN   EQU #26AF
  41  0000              DMACTR   EQU #27AF
  42  0000              DMASTAT  EQU #27AF
  43  0000              DMANUM   EQU #28AF
  44  0000              DMAWNR   EQU #80
  45  0000              DMA_BLT_8BPP_MODE     EQU #B9    ; BLT1 + SALG + DALG + ASZ (с прозрачностью src=0)
  46  0000              DMA_BLT_NOTRANSP_MODE EQU #B1    ; BLT0 + SALG + DALG (БЕЗ прозрачности — для full copy)
  47  0000
  48  0000              ; --- Геометрия DMA-шара ---
  49  0000              ; Шар BALL_PIX × BALL_PIX (18×18). Решение X×2 granularity (Слободчиков):
  50  0000              ; 2 варианта спрайта на цвет:
  51  0000              ;   even — ball на col 0..BALL_PIX-1, col BALL_PIX..BALL_PIX+1 = pad (всё равно не
  52  0000              ;          копируется DMA: burst = BALL_PIX/2 words).
  53  0000              ;   odd  — ball сдвинут на +1 px ВНУТРИ спрайта: col 0 = transparent, ball на
  54  0000              ;          col 1..BALL_PIX (для odd последний pixel ball'а орig[BALL_PIX-1] оказывается
  55  0000              ;          на col BALL_PIX и DMA не копирует его → теряем 1 px по правому краю
  56  0000              ;          шара. На circular-mask edge это обычно прозрачный пиксель).
  57  0000              ; При blit'е: dst_X = X & #FE, sprite = (X & 1) ? odd : even.
  58  0000              ; Burst = BALL_PIX/2 words (= ширина DMA-копии = BALL_PIX px). Тот же overhead
  59  0000              ; что и до X-granularity workaround.
  60  0000              BALL_PIX           EQU 20       ; DMA-burst width в px (DMA_SPRITE_HALF=10, чтобы trackX=10 не уходил в TmpChainX<0 → preserve gap)
  61  0000              DMA_SPRITE_HALF    EQU BALL_PIX / 2          ; 9 — top-left offset = X - DMA_SPRITE_HALF
  62  0000              DMA_BURST_WORDS    EQU BALL_PIX / 2          ; 9 words в burst (DMA копирует BALL_PIX px по X)
  63  0000              CANVAS_W           EQU 360
  64  0000              CANVAS_H           EQU 288
  65  0000              ; Ограничение по X: dst_X = X & #FE, DMA пишет dst_X..dst_X+BALL_PIX-1.
  66  0000              ; Условие видимости: dst_X+BALL_PIX <= CANVAS_W → X & #FE <= CANVAS_W-BALL_PIX.
  67  0000              ; X = CANVAS_W-BALL_PIX+1 даёт dst_X = CANVAS_W-BALL_PIX — допустимо.
  68  0000              DMA_X_MAX          EQU CANVAS_W - BALL_PIX + 2    ; 344 — X >= этого значит шар выходит за правый край
  69  0000
  70  0000              BALLS_DMA_EVEN_PAGE EQU #40    ; #40..#45 — even спрайты 6 цветов (col 0..17 = шар)
  71  0000              BALLS_DMA_ODD_PAGE  EQU #48    ; #48..#4D — odd спрайты (col 1..17 = шар сдвинут +1, col 18+ обрезается DMA-burst'ом)
  72  0000              CANVAS_A_PAGE_BASE EQU #10    ; visible canvas pages #10..#18 (9 pages × 16K)
  73  0000
  74  0000              ; ================================================================
  75  0000              ; ПОРТЫ КЛАВИАТУРЫ
  76  0000              ; ================================================================
  77  0000              KEY_O     EQU #DFFE   ; Бит 1 - влево
  78  0000              KEY_P     EQU #DFFE   ; Бит 0 - вправо
  79  0000              KEY_SPACE EQU #7FFE   ; Бит 0 - пробел (выстрел)
  80  0000
  81  0000              ; ================================================================
  82  0000              ; ПОРТЫ МЫШИ (Kempston Mouse — ZX Evolution / UnrealSpeccy)
  83  0000              ; ================================================================
  84  0000              MOUSE_X   EQU #FBDF   ; X счётчик (8-bit, относительный)
  85  0000              MOUSE_Y   EQU #FFDF   ; Y счётчик (8-bit, относительный)
  86  0000              MOUSE_BTN EQU #FADF   ; Кнопки: бит 0 = правая, бит 1 = левая (1=нажата)
  87  0000
  88  0000              ; ================================================================
  89  0000              ; КОНСТАНТЫ
  90  0000              ; ================================================================
  91  0000              FM_EN    EQU #10    ; %00010000 — FMEN: включает FM доступ (#0000=CRAM, #0200=SFILE)
  92  0000              GFX_PAGE EQU 8
  93  0000              MAP_PAGE EQU 9
  94  0000
  95  0000              ; TSU SPSIZE / SPACT / SPLEAP
  96  0000              SPSIZ8   EQU #00    ; размер 8
  97  0000              SPSIZ16  EQU #02    ; размер 16
  98  0000              SPSIZ24  EQU #04    ; размер 24
  99  0000              SPSIZ32  EQU #06    ; размер 32
 100  0000              SPSIZ40  EQU #08    ; размер 40
 101  0000              SPSIZ48  EQU #0A    ; размер 48
 102  0000              SPSIZ56  EQU #0C    ; размер 56
 103  0000              SPSIZ64  EQU #0E    ; размер 64
 104  0000              SPACT    EQU #20    ; бит ACT — спрайт включён
 105  0000              SPLEAP   EQU #40    ; «sprite is last in current layer» (на это полагаться нельзя
 106  0000                                  ; в нашей реализации — оставлено как константа, не используется)
 107  0000
 108  0000              ; Раскладка SFILE (85 descriptors × 6 байт = 510 байт #0200..#03FD).
 109  0000              ; TSU рендерит descriptors в порядке SFILE, ПОЗДНИЕ поверх ранних (z-order).
 110  0000              ; ACT=0 СТОПИТ рендеринг → следующий descriptor не нарисуется. Поэтому:
 111  0000              ;  • frog/preview всегда активны;
 112  0000              ;  • chain рисуется через DMA в canvas, TSU-слоты DESC_CHAIN0[60] просто
 113  0000              ;    держатся off-screen (Y=#2C + ACT=1) чтобы TSU дошёл до курсора;
 114  0000              ;  • для летящих шаров неактивные слоты тоже ACT=1 + offscreen.
 115  0000              ;   #0200 — лягушка (64×64)
 116  0000              ;   #0206 — mouth-preview (24×24)
 117  0000              ;   #020C — back-preview (8×8)
 118  0000              ;   #0212..#0379 — 60 chain-слотов (360 байт, off-screen для DMA-чейна)
 119  0000              ;   #037A..#03D9 — 16 летящих шаров (96 байт)
 120  0000              ;   #03DA — курсор (16×16)
 121  0000              ;   #03E0..#03FD — пусто
 122  0000              DESC_FROG         EQU #0200    ; 64×64 жаба
 123  0000              DESC_PREVIEW      EQU #0206    ; 24×24 mouth ball — текущий цвет, во рту
 124  0000              DESC_BACK_PREVIEW EQU #020C    ; 8×8 spine preview — следующий цвет, на спине
 125  0000              DESC_KZSKULL      EQU #0212    ; 32×32 череп killzone (TSU sprite, TNUM меняется по KzFrame)
 126  0000              DESC_CHAIN0       EQU #0218    ; 70 chain-слотов (420 байт #0218..#03BB)
 127  0000              DESC_BALL0        EQU #03BC    ; 8 летящих шаров (48 байт #03BC..#03EB)
 128  0000              DESC_CURSOR       EQU #03EC    ; 16×16 курсор #03EC..#03F1
 129  0000
 130  0000              SCR_W    EQU 360
 131  0000              SCR_H    EQU 288
 132  0000              SPR_SIZE EQU 64                                  ; frog 64×64
 133  0000
 134  0000              MIN_X EQU 0
 135  0000              MAX_X EQU 296                                    ; SCR_W - SPR_SIZE
 136  0000              MIN_Y EQU 0
 137  0000              MAX_Y EQU 224                                    ; SCR_H - SPR_SIZE
 138  0000
 139  0000              ; tiltspiral 5:4 (без letterbox) — smart crop tx[26..613], ty[0..470]
 140  0000              ; gx=242 gy=248 → screen (132, 152) → top-left (100, 120)
 141  0000              FROG_INIT_X EQU 152        ; top-left frog 64×64 → center (184, 140) = spiral center (level 1)
 142  0000              FROG_INIT_Y EQU 108
 143  0000
 144  0000              MOUSE_INIT_X EQU FROG_INIT_X + 72                ; 220 — справа от жабы → стартовый угол ~0
 145  0000              MOUSE_INIT_Y EQU FROG_INIT_Y + 32                ; 144 — центр жабы по Y (SPR_SIZE/2)
 146  0000
 147  0000              ; Cursor 16x16 in 360x288 screen — top-left limits
 148  0000              CURSOR_MIN_X EQU 0
 149  0000              CURSOR_MIN_Y EQU 0
 150  0000              CURSOR_MAX_X EQU SCR_W - 16                     ; 344
 151  0000              CURSOR_MAX_Y EQU SCR_H - 16                     ; 272
 152  0000
 153  0000              MAX_BALLS     EQU 8             ; летящих шаров (cooldown 20 frames → max ~3 active одновременно;
 154  0000                                              ; уменьшено с 16 чтобы освободить SFILE для chain TSU расширения)
 155  0000              MAX_CHAIN_BALLS EQU 240         ; VDC chain physics limit. HD оригинал: 256. У нас 240 чтобы
 156  0000                                              ; TrackData (12386 байт) поместился в slot 2 (16K) без spillover.
 157  0000                                              ; Если перенести TrackData на свою page — можно поднять до 255.
 158  0000              TSU_CHAIN_SPRITES EQU 70        ; зарезервированных SFILE-дескрипторов для chain TSU layer 1.
 159  0000                                              ; Bumped 60→70 чтобы tail не уходил за лимит при insert (= шар пропадал
 160  0000                                              ; визуально когда chain рос с 60 до 61). 70 покрывает realistic max.
 161  0000                                              ; SFILE max 85 descriptors; layout: 4 frog/preview/cursor + 8 balls + 70 chain = 82 ≤ 85.
 162  0000
 163  0000              ; Параметры уровня (level1 / lvl11 в оригинальной Zuma):
 164  0000              LEVEL_START_BALLS  EQU 35       ; быстрая фаза: 35 шаров вылезают «поездом»
 165  0000              LEVEL_REPEAT_BALLS EQU 50       ; нормальная фаза: ещё 50 шаров обычной скоростью
 166  0000              LEVEL_TOTAL_BALLS  EQU LEVEL_START_BALLS + LEVEL_REPEAT_BALLS  ; 85 — после спавн прекращается
 167  0000              FAST_ADVANCE       EQU 12       ; кол-во MoveChain'ов за кадр в fast-фазе (norm = 1 за 2 кадра)
 168  0000              ; --- Размер шара и cell-spacing (см. также make_dma_balls.py: BALL_PIX) ---
 169  0000              BALL_DIAMETER      EQU 20       ; диаметр DMA-копии (= 10 words x 20 lines). Visible круг = 18-19 px (radius 9.5 в png-маске).
 170  0000              CELL_SIZE          EQU 32       ; шаг между cell-позициями (в семплах трека).
 171  0000                                              ; cell-step px = TrackLen / TRACK_NUM_SLOTS ~= 1986/96 ~= 20.7.
 172  0000                                              ; Уменьшить до 18..24 если хотим плотнее.
 173  0000              CHAIN_SPACING      EQU CELL_SIZE  ; legacy alias
 174  0000
 175  0000              ; ----- VDC (Virtual Discrete Chain) — текущая модель цепочки
 176  0000              ;
 177  0000              ; Каждый физический трек уровня имеет свой ChainStateBlock. Сейчас один (Chain0).
 178  0000              ; В оригинальной Zuma бывают уровни с двумя tracks → потребуется Chain1_*.
 179  0000              ; Slot k (целое 0..SlotsLen-1) — ячейка вдоль трека на t-позиции k*CELL_SIZE.
 180  0000              ; Координаты берутся из TrackData[t] напрямую — отдельный CellTable не нужен.
 181  0000              ;
 182  0000              ; Chain0_Slots[k] хранит цвет (0..NUM_BALL_COLORS-1) либо GAP-маркер (>= NUM_BALL_COLORS).
 183  0000              ; Chain0_SlotOffsets[k] — signed sub-cell delta (-128..+127) для smooth animation
 184  0000              ;   при match/insert/cascade compactify; общее движение — discrete по cell-grid.
 185  0000              ; Chain0_HeadSlotAbs — абсолютный track-slot для Chain0_Slots[0] (head).
 186  0000              ; Chain0_HeadSub — sub-cell (0..CELL_SIZE-1) для непрерывного движения head'а.
 187  0000              ; Chain0_SlotsLen — длина active range (head..tail включительно).
 188  0000              ;
 189  0000              ; t-позиция шара в slot k:
 190  0000              ;   t = (Chain0_HeadSlotAbs - k) * CELL_SIZE + Chain0_HeadSub + Chain0_SlotOffsets[k]
 191  0000              ;
 192  0000              ; Match-3 detect: window-3 scan по Chain0_Slots[]. s[k]==s[k+1]==s[k+2] && s[k] color → match.
 193  0000              ; Match-3 apply: Slots[lb..rb] := GAP_STOP, ChainStalled=1, GapStep начинает закрывать.
 194  0000              ; --- VDC GAP-маркеры (виртуальные цвета). Любой Slots[k] >= NUM_BALL_COLORS = GAP. ---
 195  0000              GAP_STOP            EQU #FE   ; после stop-mode match. Двигается вправо (к tail в массиве).
 196  0000              GAP_CASCADE         EQU #FD   ; после cascade-mode match. Двигается влево (к head).
 197  0000              GAP_MARKER          EQU GAP_STOP    ; legacy alias (init/render/scan не различают)
 198  0000              MAX_SLOTS_PER_CHAIN EQU MAX_CHAIN_BALLS  ; 60: совместимо с ChainPrev*[] arrays
 199  0000              NUM_BALL_COLORS     EQU 6                ; max доступных цветов (compile-time, для array sizes / GAP detect).
 200  0000                                                      ; Реальное число цветов на уровне берётся из LevelNumColors (runtime).
 201  0000              GAP_STEP_FRAMES     EQU CELL_SIZE        ; кадров на 1 cell-step (= 32 frames per cell @ 1 px/frame decay)
 202  0000              EXPLOSION_FRAMES    EQU 14               ; длительность explosion-анимации до перехода в GAP_STOP
 203  0000              EXPLOSION_HIDE_AT   EQU 1                ; с какого ExplodingFrame DMA-шар скрывается (с самого начала, рисуем destroy через TSU)
 204  0000              DESTROY_BASE_TNUM   EQU 2560             ; page 11 (#B) carpet row 40, normal variant. Frame N TNUM = base + N*2.
 205  0000              DESTROY_SHIFTED_OFFSET EQU 128           ; +2 carpet rows (= 64*2 cells) для shifted-up variant (используется при trackY<8)
 206  0000              NUM_DESTROY_FRAMES  EQU 7                ; frames в destroy_gfx.bin
 207  0000              DM3_OFFSET_GAP_MAX  EQU 8                ; макс. |offset diff| между соседями run'а в DetectMatch3
 208  0000                                                        ; (= визуальная зазора, при котором ещё считаем что шары
 209  0000                                                        ; «коснулись». При большем — match НЕ считается, ждём
 210  0000                                                        ; пока offset decay сведёт зазор. Полу-ball width = 9 px.)
 211  0000
 212  0000              ; BlitChainToShadow per-slot classification (заполняется в BcsPreClassify, читается PASS1/PASS2).
 213  0000              ; PRESERVE значит «оставить шар в shadow как есть» — фикс хвоста при cascade roll-back.
 214  0000              BCS_DRAW            EQU 0    ; нормальный blit (есть кэш геометрии)
 215  0000              BCS_DESTROY         EQU 1    ; шар удалён (i>=SlotsLen / GAP) → restore golden, prev → invalid
 216  0000              BCS_PRESERVE        EQU 2    ; off-track / off-canvas → shadow не трогаем, prev не invalid'им
 217  0000
 218  0000              ; Killzone (череп с лучами в конце трека) — DMA blit 64×64 на canvas.
 219  0000              ; 64x64 при stride 512 = 32K → разбит на 2 src pages: top rows 0..31, bot 32..63.
 220  0000              ; Killzone — sun base в pages #46/#47 (DMA single static frame, не анимируется).
 221  0000              ; Skull рендерится отдельно через TSU sprite layer 1, atlas в page #0D.
 222  0000              ; KzFrame теперь = TSU sprite frame index (0..9), управляет TNUM в DESC_KZSKULL.
 223  0000              KILLZONE_DMA_PAGE_TOP EQU #46
 224  0000              KILLZONE_DMA_PAGE_BOT EQU #47
 225  0000              KZ_SKULL_TNUM_BASE    EQU 2816  ; page_b (#0B) cy=4: (#0B-#06)*512 + 4*64 = 2560+256 = 2816
 226  0000              KZ_SKULL_SPAL         EQU 4     ; CRAM #40..#4F (yellow palette)
 227  0000              ; Offset для skull относительно KzCenter (= track end). Sun имеет hole offset от
 228  0000              ; визуального центра — корректируем здесь чтобы skull аккурат в центр sun-дырки.
 229  0000              KZ_SKULL_X_OFFS       EQU 2     ; +2 px right
 230  0000              KZ_SKULL_Y_OFFS       EQU 0
 231  0000              KZ_NUM_FRAMES         EQU 10
 232  0000              KZ_FRAME_DELAY        EQU 4     ; кол-во game frames между transitions (= ~12 fps анимации)
 233  0000              KZ_OPEN_DIST          EQU 96    ; trackpoint distance до kz, при котором рот начинает открываться (= 3 cells × 32)
 234  0000
 235  0000              ; Text overlays — GAME OVER + LEVEL INTRO. Один общий atlas-page #0D, контент
 236  0000              ; в нём перезаписывается DMA-копией из source-страниц при смене состояния:
 237  0000              ;   GAMEOVER_ATLAS_SRC_PAGE → #0D на state 1→2 transition
 238  0000              ;   LVLINTRO_ATLAS_SRC_PAGE → #0D в InitGame (для state 3 intro)
 239  0000              ; Source-страницы вне reach SGPAGE=6, но это OK — TSU читает только #0D.
 240  0000              ; LEVEL 1-1 — 5×64×64 в cx=0..39 cy=0..7 (TNUM 3584 + N*8).
 241  0000              ; SPIRAL OF DOOM — 5×64×32, scattered в cx=40..63 cy=0..7 (TNUMs 3624, 3632, 3640, 3880, 3888).
 242  0000              ; GAME OVER — 5×64×64 в cx=0..39 cy=0..7 (TNUM 3584 + N*8, как LEVEL 1-1).
 243  0000              ; SPAL=5 (custom red→yellow gradient palette).
 244  0000              GAMEOVER_TNUM_BASE    EQU 3584   ; page #0D, cx=0..39 cy=0..7 после DMA-swap GAME OVER
 245  0000              LVLINTRO_TNUM_BASE    EQU 3584   ; page #0D, cx=0..39 cy=0..7 после DMA-swap LEVEL INTRO
 246  0000              GAMEOVER_ATLAS_SRC_PAGE EQU #50  ; source RAM page для GAME OVER atlas
 247  0000              LVLINTRO_ATLAS_SRC_PAGE EQU #51  ; source RAM page для LEVEL INTRO atlas
 248  0000              TEXT_NUM_SPRITES      EQU 5
 249  0000              TEXT_SPRITE_W         EQU 64
 250  0000              TEXT_SPRITE_H         EQU 64
 251  0000              TEXT_W                EQU TEXT_NUM_SPRITES * TEXT_SPRITE_W   ; 320
 252  0000              TEXT_X                EQU (CANVAS_W - TEXT_W) / 2             ; 20
 253  0000              TEXT_Y                EQU (CANVAS_H - TEXT_SPRITE_H) / 2      ; 112
 254  0000              TEXT_SPAL             EQU 5
 255  0000
 256  0000              ; SPIRAL OF DOOM subtitle — 5 sprites 64×32 при scattered TNUMs в page #0D
 257  0000              ; (cx=40..63, cy=0..7). Рендерим под LEVEL 1-1, screen Y = TEXT_Y + 64 + 8.
 258  0000              SUBTITLE_SPRITE_H     EQU 32
 259  0000              SUBTITLE_Y            EQU TEXT_Y + TEXT_SPRITE_H + 8          ; 184
 260  0000              ; Pre-computed TNUMs для каждого SP0..SP4: 3584 + cy*64 + cx.
 261  0000              SUBTITLE_TNUM_0       EQU 3584 + 0*64 + 40   ; 3624
 262  0000              SUBTITLE_TNUM_1       EQU 3584 + 0*64 + 48   ; 3632
 263  0000              SUBTITLE_TNUM_2       EQU 3584 + 0*64 + 56   ; 3640
 264  0000              SUBTITLE_TNUM_3       EQU 3584 + 4*64 + 40   ; 3880
 265  0000              SUBTITLE_TNUM_4       EQU 3584 + 4*64 + 48   ; 3888
 266  0000              KZ_PIX             EQU 64
 267  0000              ROTATION_SPEED EQU 4
 268  0000
 269  0000              ; ================================================================
 270  0000              ; СТРУКТУРА ШАРА (8 байт) — летящий после выстрела
 271  0000              ; ================================================================
 272  0000              BALL_X      EQU 0
 273  0000              BALL_Y      EQU 2
 274  0000              BALL_ANGLE  EQU 4
 275  0000              BALL_SPEED  EQU 5
 276  0000              BALL_ACTIVE EQU 6
 277  0000              BALL_COLOR  EQU 7
 278  0000
 279  0000              ; ================================================================
 280  0000              ; ЦЕПОЧКА — VDC МОДЕЛЬ (Virtual Discrete Chain). См. полное описание выше.
 281  0000              ; Slots[k] = цвет либо GAP-маркер (>= NUM_BALL_COLORS).
 282  0000              ; t_i = (Chain0_HeadSlotAbs - i) * CELL_SIZE + Chain0_HeadSub + SlotOffsets[i]
 283  0000              ; SlotsLen — количество активных slots (head=0, tail=SlotsLen-1).
 284  0000              ; Insert: shift_right(Slots, idx) + Slots[idx]=color + SlotsLen += 1 + HSA += 1.
 285  0000              ; Spawn: Slots[SlotsLen] = color, SlotsLen += 1 (новый шар на хвостовой стороне).
 286  0000              ; Match-3: window-3 scan ставит GAP_STOP в lb..rb, GapStep сдвигает GAP'ы к концу
 287  0000              ; массива, при close SlotsLen уменьшается на 1.
 288  0000              ; ================================================================
 289  0000
 290  0000              ; ================================================================
 291  0000              ; ПЕРЕМЕННЫЕ DMA/CHAIN-PREV — выделенная зона #4000-#5FFF в slot 1 page 5.
 292  0000              ; До main0.bin (#6000-#7FFF). Большие массивы здесь не straddle slot 1/2
 293  0000              ; boundary при #8000 — shift кода в #6000+ их не двигает. Все DS = uninitialized
 294  0000              ; на boot; InitGame явно зануляет ChainPrevValid[A/B], остальные пишутся per-frame.
 295  0000              ; Освобождает slot 2 part от data-pressure → код может расти без layout corruption.
 296  0000              ; ================================================================
 297  0000                  SLOT 1
 297  0000                PAGE 5
 298  0000                  ORG #4000
 299  4000
 300  4000 00           BcsDstLow:    DB 0
 301  4001 00           BcsDstMid:    DB 0
 302  4002 00           BcsPageOver:  DB 0
 303  4003 00           BcsPrevLow:   DB 0
 304  4004 00           BcsPrevMid:   DB 0
 305  4005 00           BcsPrevPage:  DB 0
 306  4006 00           BcsGoldenOff: DB 0
 307  4007 00           BcsClipTop:   DB 0
 308  4008 00           BcsClipBot:   DB 0
 309  4009 00           BcsNumLines:  DB 0
 310  400A 00           BcsXOdd:      DB 0
 311  400B
 312  400B 00 00        TmpKzX:        DW 0
 313  400D 00 00        TmpKzY:        DW 0
 314  400F 00           TmpKzLow:      DB 0
 315  4010 00           TmpKzMid:      DB 0
 316  4011 00           TmpKzPageOver: DB 0
 317  4012 00           TmpKzSrcPage:  DB 0
 318  4013
 319  4013 10           VisiblePageBase: DB CANVAS_A_PAGE_BASE
 320  4014 20           ShadowPageBase:  DB CANVAS_B_PAGE_BASE
 321  4015
 322  4015              ; --- Game-Over state machine (init в InitGame явно — DEFS не SAVEBIN'ятся) ---
 323  4015              ; 0 = playing (normal). 1 = absorbing (head пожирается killzone'ом, FAST_ADVANCE×
 324  4015              ; MoveChainAbsorb, при HSA cap shift slots + slots_len-=1). 2 = SlotsLen=0,
 325  4015              ; freeze (текст GAME OVER — TODO; пока просто стоп).
 326  4015 00           GameState:       DB 0
 327  4016 00           AbsorbCounter:   DB 0   ; сколько шаров поглощено в state 1 (для статистики/render)
 328  4017 00           GameOverTick:    DB 0   ; счётчик кадров в state 2
 329  4018 00           HeadFlightTick:  DB 0   ; 0..FLIGHT_FRAMES — счётчик «полёта» головы к центру kz в state 1
 330  4019 00 00        TmpGoX:          DW 0   ; current X в DrawTextOverlay loop
 331  401B 00           TmpGoTNumOffs:   DB 0   ; current TNUM_L offset (sprite N * 8)
 332  401C 00 00        TmpGoTNumBase:   DW 0   ; TNUM base (= GAMEOVER_TNUM_BASE или LVLINTRO_TNUM_BASE)
 333  401E
 334  401E 00 00 00...  ChainPrevDstA:    DS MAX_CHAIN_BALLS * 4
 335  43DE 00 00 00...  ChainPrevValidA:  DS MAX_CHAIN_BALLS
 336  44CE 00 00 00...  ChainPrevDstB:    DS MAX_CHAIN_BALLS * 4
 337  488E 00 00 00...  ChainPrevValidB:  DS MAX_CHAIN_BALLS
 338  497E
 339  497E 00 00 00...  BcsSkipFlag:      DS MAX_CHAIN_BALLS
 340  4A6E 00 00 00...  BcsCacheStruct:   DS MAX_CHAIN_BALLS * 6
 341  500E
 342  500E              ; ================================================================
 343  500E              ; КОД
 344  500E              ; ================================================================
 345  500E                  ORG #6000
 346  6000
 347  6000              Entry:
 348  6000 F3               DI
 349  6001                  ; PAGE3 = #0C ПЕРВЫМ — чтобы stack at 0xFFFE сразу попал в page #0C (= safe zone
 350  6001                  ; в page #0C bytes 0x800..0x3FFF, после track_overflow.bin = 0..0x7FF). Иначе
 351  6001                  ; PAGE3=0 default → stack пишет в ROM/garbage page.
 352  6001 3E 0C            LD A, #0C
 353  6003 01 AF 13         LD BC, PAGE3
 354  6006 ED 79            OUT (C), A
 355  6008
 356  6008                  ; Stack в slot 3 (= 0xC800..0xFFFE = 14KB safe zone, не пересекается с TrackData).
 357  6008                  ; Раньше был SP=#BFFF — стек растил ВНИЗ в TrackData (0x969C..0xBFFF) и затирал
 358  6008                  ; точки 2643..2648 → glitch у головного шара ровно на (58, 103) (= "false killzone V7").
 359  6008 31 FE FF         LD SP, #FFFE
 360  600B
 361  600B                  ; --- Canary marker: 3 bytes "ZUM" at 0xC800 (= start of safe stack zone).
 362  600B                  ; Если stack overflowed past 0xC800, canary будет затёрт. RenderFrame проверяет.
 363  600B 3E 5A            LD A, 'Z'
 363  600D 32 00 C8       LD (#C800), A
 364  6010 3E 55            LD A, 'U'
 364  6012 32 01 C8       LD (#C801), A
 365  6015 3E 4D            LD A, 'M'
 365  6017 32 02 C8       LD (#C802), A
 366  601A
 367  601A                  ; ---------- ИНИЦИАЛИЗАЦИЯ ЖЕЛЕЗА ----------
 368  601A 01 AF 20         LD BC, SYSCONG
 368  601D 3E 06          LD A, %00000110
 368  601F ED 79          OUT (C), A     ; 14 MHz + аппаратный кэш
 369  6021 01 AF 00         LD BC, VCONFIG
 369  6024 3E C2          LD A, %11000010
 369  6026 ED 79          OUT (C), A  ; 360x288, 256c, NOGFX=0 — canvas включён
 370  6028 01 AF 01         LD BC, VPAGE
 370  602B 3E 10          LD A, #10
 370  602D ED 79          OUT (C), A  ; canvas-bitmap начинается с page 16
 371  602F
 372  602F                  ; Палитра (включая bg-canvas палитру в CRAM #0100..#01FF)
 373  602F                  ; DMA-шары используют TSU-палитру (#20..#7F) — отдельная загрузка не нужна
 374  602F CD C8 7F         CALL InitPalette
 375  6032
 376  6032                  ; TSU — sprite-graphics в page 6/7 (уже разложены через INCBIN)
 377  6032 01 AF 19         LD BC, SGPAGE
 377  6035 3E 06          LD A, 6
 377  6037 ED 79          OUT (C), A
 378  6039 01 AF 06         LD BC, TSCONFIG
 378  603C 3E 80          LD A, %10000000
 378  603E ED 79          OUT (C), A   ; TSU sprites вкл
 379  6040
 380  6040                  ; ---------- ИНИЦИАЛИЗАЦИЯ ИГРЫ ----------
 381  6040 CD 23 62         CALL InitGame
 382  6043
 383  6043                  ; Burn killzone в golden ОДИН раз (= bg для chain DMA restore содержит track+kz).
 384  6043 CD 1F 75         CALL OneTimeBlitKzToGolden
 385  6046
 386  6046                  ; ---------- IM 2 + frame IRQ для Fixed Timestep ----------
 387  6046                  ; ISR-handler в page 5 (наш код). I=#5E, peripheral data byte для frame IRQ
 388  6046                  ; (= INTRAME=#FF). Vector address = (#5E<<8)|#FF = #5EFF. Z80 читает word
 389  6046                  ; #5EFF/#5F00 → ISR address. Записываем эти 2 байта runtime, чтобы получить
 390  6046                  ; адрес IRQHandler в RAM (page 5 byte #1EFF/#1F00).
 391  6046 3E 17            LD A, LOW(IRQHandler)
 392  6048 32 FF 5E         LD (#5EFF), A
 393  604B 3E 62            LD A, HIGH(IRQHandler)
 394  604D 32 00 5F         LD (#5F00), A
 395  6050 3E 5E            LD A, #5E
 396  6052 ED 47            LD I, A
 397  6054 ED 5E            IM 2
 398  6056 01 AF 2A         LD BC, INTMASK
 398  6059 3E 01          LD A, INTMSKF
 398  605B ED 79          OUT (C), A    ; разрешить только frame IRQ
 399  605D AF               XOR A
 399  605E 32 72 80       LD (TickCount), A
 399  6061 32 73 80       LD (ProcessedTicks), A
 400  6064 FB               EI
 401  6065
 402  6065              ; ============================================================================
 403  6065              ; FIXED TIMESTEP MAIN LOOP
 404  6065              ; ISR инкрементирует TickCount каждый vblank (50 Hz). MainLoop "догоняет":
 405  6065              ; пока ProcessedTicks < TickCount → выполнить UpdateGame + INC ProcessedTicks.
 406  6065              ; Когда тики обработаны — RenderFrame (swap+sprites+DMA blit) и HALT (sleep).
 407  6065              ; Если кадр рендера затянулся (>20мс) — успело пройти 2+ IRQ → следующий цикл
 408  6065              ; выполнит UpdateGame дважды → game speed остаётся 50 Hz, рендер визуально 25.
 409  6065              ; Никаких race conditions: вся логика атомарна в MainLoop, ISR только тик.
 410  6065              ; ============================================================================
 411  6065              MainLoop:
 412  6065 F3               DI
 413  6066 3A 72 80         LD A, (TickCount)
 414  6069 47               LD B, A
 415  606A 3A 73 80         LD A, (ProcessedTicks)
 416  606D FB               EI
 417  606E B8               CP B
 418  606F 28 09            JR Z, .ml_render
 419  6071 CD 80 60         CALL UpdateGame
 420  6074 21 73 80         LD HL, ProcessedTicks
 421  6077 34               INC (HL)
 422  6078 18 EB            JR MainLoop
 423  607A              .ml_render:
 424  607A CD 4B 61         CALL RenderFrame
 425  607D 76               HALT                                      ; сон до следующего IRQ
 426  607E 18 E5            JR MainLoop
 427  6080
 428  6080              ; ============================================================================
 429  6080              ; UPDATE GAME — атомарный шаг логики (= 1 tick = 20 мс).
 430  6080              ; Mouse/input, motion, collisions, chain advance, spawn, cooldown.
 431  6080              ; НЕ trogает canvas / DMA / TSU спрайты — это в RenderFrame.
 432  6080              ; ============================================================================
 433  6080              UpdateGame:
 434  6080 3A 15 40         LD A, (GameState)
 435  6083 B7               OR A
 436  6084 C2 F6 60         JP NZ, .ug_not_playing            ; state 1/2 — отдельные пути
 437  6087
 438  6087 CD 07 7F         CALL HandleMouse
 439  608A CD E1 63         CALL HandleInput
 440  608D CD EB 64         CALL UpdateBalls
 441  6090 CD EF 66         CALL CheckCollisions
 442  6093 CD 80 6D         CALL CheckBallChainCollisions
 443  6096
 444  6096 3A 71 80         LD A, (FrameCounter)
 445  6099 3C               INC A
 446  609A 32 71 80         LD (FrameCounter), A
 447  609D
 448  609D 3A 74 80         LD A, (BallsSpawned)
 449  60A0 FE 23            CP LEVEL_START_BALLS
 450  60A2 38 20            JR C, .ug_fast
 451  60A4
 452  60A4                  ; TEMP REVERT: subdivider /2 вернён для диагностики trail-bug в DMA chain blit.
 453  60A4                  ; Если без subdivider trail visible (= motion 1 px/frame), а с subdivider — нет
 454  60A4                  ; (= motion 0.5 px/frame), root cause = pre-existing render race triggered by speed.
 455  60A4 3A 71 80         LD A, (FrameCounter)
 456  60A7 E6 01            AND 1
 457  60A9 20 06            JR NZ, .ug_after_advance
 458  60AB CD A2 72         CALL MoveChain
 459  60AE CD B3 6F         CALL AnimateChain
 460  60B1              .ug_after_advance:
 461  60B1
 462  60B1 3A 74 80         LD A, (BallsSpawned)
 463  60B4 FE 55            CP LEVEL_TOTAL_BALLS
 464  60B6 30 0A            JR NC, .ug_no_more_spawn
 465  60B8 3A 71 80         LD A, (FrameCounter)
 466  60BB E6 3F            AND 63
 467  60BD 20 03            JR NZ, .ug_no_more_spawn
 468  60BF CD 54 68         CALL TrySpawnAndCount
 469  60C2              .ug_no_more_spawn:
 470  60C2 18 0F            JR .ug_check_trigger
 471  60C4
 472  60C4              .ug_fast:
 473  60C4 06 0C            LD B, FAST_ADVANCE
 474  60C6              .ug_fast_advance:
 475  60C6 C5               PUSH BC
 476  60C7 CD A2 72         CALL MoveChain
 477  60CA C1               POP BC
 478  60CB 10 F9            DJNZ .ug_fast_advance
 479  60CD CD B3 6F         CALL AnimateChain
 480  60D0 CD 54 68         CALL TrySpawnAndCount
 481  60D3                  ; FALLTHROUGH в .ug_check_trigger
 482  60D3
 483  60D3              .ug_check_trigger:
 484  60D3                  ; Game Over trigger срабатывает в любой фазе — как только head Manhattan(KzCenter)<16.
 485  60D3                  ; В fast-фазе достичь killzone маловероятно (chain ещё короткая), но если случилось —
 486  60D3                  ; absorption запустится сразу. Player видит «вылет в killzone» как в Python emulator.
 487  60D3 CD 56 73         CALL CheckHeadAtKillzone
 488  60D6 B7               OR A
 489  60D7 28 0F            JR Z, .ug_after_spawn
 490  60D9 3E 01            LD A, 1
 491  60DB 32 15 40         LD (GameState), A
 492  60DE AF               XOR A
 493  60DF 32 16 40         LD (AbsorbCounter), A
 494  60E2 32 18 40         LD (HeadFlightTick), A
 495  60E5                  ; Reset HeadSub=0 чтобы первый шар получил полный CELL_SIZE цикл advance перед
 496  60E5                  ; первым абсорбом. Иначе если trigger сработал при hsub=30, ball через 2 calls
 497  60E5                  ; уже wrap'ится и вылетает мгновенно — юзер видит «animation starts from 2nd ball».
 498  60E5 32 9D 85         LD (Chain0_HeadSub), A
 499  60E8              .ug_after_spawn:
 500  60E8
 501  60E8 3A 5A 80         LD A, (ShotCooldown)
 502  60EB B7               OR A
 503  60EC 28 04            JR Z, .ug_skip_cd
 504  60EE 3D               DEC A
 505  60EF 32 5A 80         LD (ShotCooldown), A
 506  60F2              .ug_skip_cd:
 507  60F2 CD 9C 74         CALL UpdateKzFrame                ; killzone mouth animation: open at 3-cell distance, close on rollback
 508  60F5 C9               RET
 509  60F6
 510  60F6              .ug_not_playing:
 511  60F6                  ; State 1 = absorbing, State 2 = GAME OVER text, State 3 = LEVEL X-X intro
 512  60F6 FE 03            CP 3
 513  60F8 CA 32 61         JP Z, .ug_state3
 514  60FB FE 01            CP 1
 515  60FD 20 25            JR NZ, .ug_state2
 516  60FF 06 0C            LD B, FAST_ADVANCE
 517  6101              .ug_absorb_loop:
 518  6101 C5               PUSH BC
 519  6102 CD D5 72         CALL MoveChainAbsorb
 520  6105 C1               POP BC
 521  6106 10 F9            DJNZ .ug_absorb_loop
 522  6108 CD B3 6F         CALL AnimateChain
 523  610B 3A 9E 85         LD A, (Chain0_SlotsLen)
 524  610E B7               OR A
 525  610F 20 36            JR NZ, .ug_kz_anim                ; chain не пуст — продолжаем в state 1
 526  6111 3E 02            LD A, 2
 527  6113 32 15 40         LD (GameState), A
 528  6116 AF               XOR A
 529  6117 32 17 40         LD (GameOverTick), A
 530  611A CD 08 80         CALL LoadGameOverPalette          ; swap red ball palette → custom yellow+red gradient
 531  611D                  ; DMA-копируем GAME OVER atlas (page #50) → #0D, перезаписывая LEVEL INTRO.
 532  611D 3E 50            LD A, GAMEOVER_ATLAS_SRC_PAGE
 533  611F CD F4 75         CALL CopyAtlasToPageD
 534  6122 18 23            JR .ug_kz_anim
 535  6124
 536  6124              .ug_state2:
 537  6124 3A 17 40         LD A, (GameOverTick)
 538  6127 3C               INC A
 539  6128 32 17 40         LD (GameOverTick), A
 540  612B FE C8            CP 200                            ; ~4 сек @50fps в state 2 — пауза с пустой ареной
 541  612D 38 18            JR C, .ug_kz_anim
 542  612F C3 23 62         JP InitGame                       ; auto-restart: InitGame пере-инициализирует всё (GameState=0 сам внутри)
 543  6132
 544  6132              .ug_state3:
 545  6132                  ; State 3 = LEVEL 1-1 intro overlay. Tick counter, после ~150 кадров → state 0 (играем).
 546  6132 3A 17 40         LD A, (GameOverTick)
 547  6135 3C               INC A
 548  6136 32 17 40         LD (GameOverTick), A
 549  6139 FE 96            CP 150                            ; ~3 сек @50fps intro
 550  613B 38 0A            JR C, .ug_kz_anim
 551  613D AF               XOR A
 552  613E 32 15 40         LD (GameState), A                 ; → state 0 = playing
 553  6141 32 17 40         LD (GameOverTick), A
 554  6144 CD 21 80         CALL RestoreRedBallPalette        ; intro закончен, цепочки нужна оригинальная палитра
 555  6147
 556  6147              .ug_kz_anim:
 557  6147 CD 9C 74         CALL UpdateKzFrame                ; kz mouth anim: full-open в state 1/2
 558  614A C9               RET
 559  614B
 560  614B              ; ============================================================================
 561  614B              ; RENDER FRAME — atomic swap + все DMA/TSU writes.
 562  614B              ; Вызывается раз когда вся логика догнала тики.
 563  614B              ; ============================================================================
 564  614B              RenderFrame:
 565  614B                  ; ====== CANARY CHECK: stack overflow detection ======
 566  614B                  ; Если stack overflowed past 0xC800, "ZUM" затёрт. Visible-error через CRAM #100=red.
 567  614B 3A 00 C8         LD A, (#C800)
 568  614E FE 5A            CP 'Z'
 569  6150 20 0E            JR NZ, .canary_failed
 570  6152 3A 01 C8         LD A, (#C801)
 571  6155 FE 55            CP 'U'
 572  6157 20 07            JR NZ, .canary_failed
 573  6159 3A 02 C8         LD A, (#C802)
 574  615C FE 4D            CP 'M'
 575  615E 28 17            JR Z, .canary_ok
 576  6160              .canary_failed:
 577  6160                  ; Hard-fail: записать ярко-красный pixel в CRAM #100 (= bg palette idx 0 = pavement bg)
 578  6160                  ; Юзер увидит красный bg → сразу понятно что stack overflowed.
 579  6160 01 AF 15         LD BC, FMADDR
 579  6163 3E 10          LD A, FM_EN
 579  6165 ED 79          OUT (C), A
 580  6167 3E 1F            LD A, %00011111
 580  6169 32 00 01       LD (#0100), A           ; CRAM word low: B=11111, G=000, ?
 581  616C 3E FC            LD A, %11111100
 581  616E 32 01 01       LD (#0101), A           ; CRAM high: bit15=1, R=11111, G_hi=000
 582  6171 01 AF 15         LD BC, FMADDR
 582  6174 AF             XOR A
 582  6175 ED 79          OUT (C), A
 583  6177              .canary_ok:
 584  6177
 585  6177                  ; ====== СВОП BUFFER (atomic) ======
 586  6177 3A 13 40         LD A, (VisiblePageBase)
 586  617A EE 30          XOR #30
 586  617C 32 13 40       LD (VisiblePageBase), A
 587  617F 3A 14 40         LD A, (ShadowPageBase)
 587  6182 EE 30          XOR #30
 587  6184 32 14 40       LD (ShadowPageBase), A
 588  6187 3A 13 40         LD A, (VisiblePageBase)
 588  618A 01 AF 01       LD BC, VPAGE
 588  618D ED 79          OUT (C), A
 589  618F
 590  618F                  ; DEBUG pixel удалён — PAGE3 теперь зарезервирован под TrackData spillover (page #60).
 591  618F                  ; Если нужна диагностика — использовать дамп памяти (#C000+ читает TrackData
 592  618F                  ; spillover, переменные доступны напрямую через addresses в .lst).
 593  618F
 594  618F                  ; TSU writes сгруппированы early — в vblank, до DMA blits.
 595  618F CD 76 67         CALL UpdateFrogSprite
 596  6192 CD 87 7D         CALL UpdatePreviewSprite
 597  6195 CD D6 67         CALL UpdateBallSprites
 598  6198 CD 20 7B         CALL HideChainSprites                    ; chain рендерится DMA (partial-clip для entry-zone),
 599  619B                                                           ; TSU descriptors просто off-screen чтобы не висели stale.
 600  619B CD 47 7B         CALL UpdateExplodeSprites                ; перенесён early — иначе race с display refresh
 601  619E CD 57 7D         CALL UpdateCursorSprite
 602  61A1 CD 02 7D         CALL UpdateKzSkullSprite                 ; skull frame TNUM = base + KzFrame*4 (10 frames lose anim)
 603  61A4                  ; Текстовые overlay рендерятся из page #0D (single 16K atlas, реконфигурируется
 604  61A4                  ; DMA-копией при переходах состояний — см. CopyAtlasToPageD).
 605  61A4                  ; Initial content = LEVEL 1-1 + SPIRAL OF DOOM (= InitGame копирует level_intro).
 606  61A4                  ; State 1→2 transition копирует GAME OVER → page #0D.
 607  61A4 3A 15 40         LD A, (GameState)
 608  61A7 FE 02            CP 2
 609  61A9 CC 3C 75         CALL Z, UpdateGameOverText               ; state 2: GAME OVER overlay
 610  61AC 3A 15 40         LD A, (GameState)
 611  61AF FE 03            CP 3
 612  61B1 CC 41 75         CALL Z, UpdateLevelIntroText             ; state 3: LEVEL 1-1 + SPIRAL OF DOOM
 613  61B4 CD C0 79         CALL BlitKillzoneToShadow                ; kz first — chain DMA blit'ит шары ПОВЕРХ kz pixels.
 614  61B7 CD 97 76         CALL BlitChainToShadow                   ; PASS1 restore читает golden (track+kz после OneTimeBlitKzToGolden
 615  61BA                                                           ; в init), prev ball positions в kz-зоне восстанавливаются с kz pixels,
 616  61BA                                                           ; не track-цветом → нет «дыр» в kz.
 617  61BA C9               RET
 618  61BB
 619  61BB              ; ================================================================
 620  61BB              ; DIAGNOSTIC GRID — пишет 60 TSU destroy-спрайтов в DESC_CHAIN0 в виде сетки 6×10.
 621  61BB              ; Чтобы увидеть где TSU layer 1 рендерится корректно по всему экрану.
 622  61BB              ; Шаг X = 56 px (= 6 cols × 56 = 336 — ~центр canvas 360).
 623  61BB              ; Шаг Y = 28 px (= 10 rows × 28 = 280 — ~центр canvas 288).
 624  61BB              ; Frame 0, SPAL=2 (синий).
 625  61BB              ; ================================================================
 626  61BB              DiagnosticGrid:
 627  61BB F3               DI
 628  61BC 01 AF 15         LD BC, FMADDR
 628  61BF 3E 10          LD A, FM_EN
 628  61C1 ED 79          OUT (C), A
 629  61C3 21 18 02         LD HL, DESC_CHAIN0
 630  61C6 06 00            LD B, 0                                   ; row counter (0..9)
 631  61C8              .dg_row:
 632  61C8 0E 00            LD C, 0                                   ; col counter (0..5)
 633  61CA              .dg_col:
 634  61CA                  ; Y = row * 28
 635  61CA 78               LD A, B
 636  61CB 57               LD D, A
 636  61CC 87             ADD A, A
 636  61CD 87             ADD A, A
 636  61CE 87             ADD A, A  ; A = row*8
 637  61CF 87               ADD A, A                                  ; A = row*16
 638  61D0 82               ADD A, D                                  ; A = row*16 + row = row*17? OEPS
 639  61D1                  ; нужно row*28. Простой способ: row*32 - row*4.
 640  61D1 78               LD A, B
 641  61D2 87               ADD A, A
 641  61D3 87             ADD A, A
 641  61D4 87             ADD A, A
 641  61D5 87             ADD A, A
 641  61D6 87             ADD A, A   ; row*32
 642  61D7 57               LD D, A
 643  61D8 78               LD A, B
 644  61D9 87               ADD A, A
 644  61DA 87             ADD A, A                       ; row*4
 645  61DB 5F               LD E, A
 646  61DC 7A               LD A, D
 647  61DD 93               SUB E                                     ; A = row*32 - row*4 = row*28
 648  61DE 77               LD (HL), A
 648  61DF 23             INC HL                       ; Y_L
 649  61E0 36 22            LD (HL), SPACT + SPSIZ16                  ; Y_H=0, ACT, SIZE16
 650  61E2 23               INC HL
 651  61E3
 652  61E3                  ; X = col * 40 + 28 (max col=5: X = 228, < 256 — fits в byte без X[8])
 653  61E3 79               LD A, C
 654  61E4 87               ADD A, A
 654  61E5 87             ADD A, A
 654  61E6 87             ADD A, A            ; col*8
 655  61E7 57               LD D, A
 656  61E8 79               LD A, C
 657  61E9 87               ADD A, A
 657  61EA 87             ADD A, A
 657  61EB 87             ADD A, A
 657  61EC 87             ADD A, A
 657  61ED 87             ADD A, A   ; col*32
 658  61EE 82               ADD A, D                                  ; col*32 + col*8 = col*40
 659  61EF C6 1C            ADD A, 28                                 ; +28 offset (центр 6 колонок: 28..228)
 660  61F1 77               LD (HL), A
 660  61F2 23             INC HL                       ; X_L
 661  61F3 36 02            LD (HL), SPSIZ16                          ; X_H=0, SIZE16
 662  61F5 23               INC HL
 663  61F6
 664  61F6                  ; TNUM = DESTROY_BASE_TNUM = 2560 (frame 0)
 665  61F6 36 00            LD (HL), LOW(DESTROY_BASE_TNUM)
 666  61F8 23               INC HL
 667  61F9 3E 0A            LD A, HIGH(DESTROY_BASE_TNUM)
 668  61FB E6 0F            AND #0F
 669  61FD F6 20            OR #20                                    ; SPAL=2 (синий) в high nibble
 670  61FF 77               LD (HL), A
 671  6200 23               INC HL
 672  6201
 673  6201 0C               INC C
 674  6202 79               LD A, C
 675  6203 FE 06            CP 6
 676  6205 DA CA 61         JP C, .dg_col
 677  6208 04               INC B
 678  6209 78               LD A, B
 679  620A FE 0A            CP 10
 680  620C DA C8 61         JP C, .dg_row
 681  620F
 682  620F 01 AF 15         LD BC, FMADDR
 682  6212 AF             XOR A
 682  6213 ED 79          OUT (C), A
 683  6215 FB               EI
 684  6216 C9               RET
 685  6217
 686  6217              ; ============================================================================
 687  6217              ; IRQ HANDLER (IM 2) — единственная задача: инкремент TickCount каждый vblank.
 688  6217              ; Никаких DMA/блокирующих writes — иначе race с BlitChainToShadow.
 689  6217              ; ============================================================================
 690  6217              IRQHandler:
 691  6217 F5               PUSH AF
 692  6218 3A 72 80         LD A, (TickCount)
 693  621B 3C               INC A
 694  621C 32 72 80         LD (TickCount), A
 695  621F F1               POP AF
 696  6220 FB               EI
 697  6221 ED 4D            RETI
 698  6223
 699  6223              ; ================================================================
 700  6223              ; ИНИЦИАЛИЗАЦИЯ ИГРЫ
 701  6223              ; ================================================================
 702  6223              InitGame:
 703  6223 CD 21 80         CALL RestoreRedBallPalette         ; restore SPAL=5 (могла быть swap'нута в state 2)
 704  6226                  ; Позиция лягушки — центр экрана с поправкой на canvas-сдвиг (SCR_OFFS).
 705  6226 21 98 00         LD HL, FROG_INIT_X
 705  6229 22 3A 80       LD (FrogX), HL
 706  622C 21 6C 00         LD HL, FROG_INIT_Y
 706  622F 22 3C 80       LD (FrogY), HL
 707  6232 AF               XOR A
 707  6233 32 3E 80       LD (FrogAngle), A
 708  6236
 709  6236                  ; Очистка всех шаров (MAX_BALLS*8 = 256 байт через LDIR)
 710  6236 21 A4 80         LD HL, BallTable
 711  6239 36 00            LD (HL), 0
 712  623B 11 A5 80         LD DE, BallTable+1
 713  623E 01 3F 00         LD BC, MAX_BALLS*8-1
 714  6241 ED B0            LDIR
 715  6243
 716  6243                  ; Очистка SFILE: 510 байт = 85 дескрипторов × 6 байт (#0200..#03FD).
 717  6243                  ; ВАЖНО: LDIR здесь не работает — read через FM_EN отдаёт ROM, не SFILE,
 718  6243                  ; и LDIR копирует ROM в SFILE → случайные ACT bits → призраки.
 719  6243                  ; Поэтому пишем immediate-нулями через LD (HL), 0.
 720  6243 01 AF 15         LD BC, FMADDR
 720  6246 3E 10          LD A, FM_EN
 720  6248 ED 79          OUT (C), A
 721  624A 21 00 02         LD HL, #0200
 722  624D 06 FF            LD B, 255
 723  624F              .is_clr1:
 724  624F 36 00            LD (HL), 0
 725  6251 23               INC HL
 726  6252 10 FB            DJNZ .is_clr1
 727  6254 06 FF            LD B, 255
 728  6256              .is_clr2:
 729  6256 36 00            LD (HL), 0
 730  6258 23               INC HL
 731  6259 10 FB            DJNZ .is_clr2                ; всего 510 байт #0200..#03FD
 732  625B 01 AF 15         LD BC, FMADDR
 732  625E AF             XOR A
 732  625F ED 79          OUT (C), A
 733  6261
 734  6261                  ; --- Инициализация цепочки: пусто, шары приедут «поездом» в fast-фазе
 735  6261 AF               XOR A
 736  6262 32 74 80         LD (BallsSpawned), A
 737  6265 32 75 80         LD (ChainStalled), A
 738  6268 32 46 80         LD (CascadeState), A
 739  626B 32 47 80         LD (CascadeIdx), A
 740  626E 32 48 80         LD (CascadeWait), A
 741  6271 32 49 80         LD (CascadeDelay), A
 742  6274 32 4A 80         LD (StopModeTimer), A
 743  6277 32 4B 80         LD (CompactTimer), A
 744  627A 32 4C 80         LD (GapStepCounter), A
 745  627D 32 71 80         LD (FrameCounter), A
 746  6280 3E 03            LD A, 3                     ; 3 = LEVEL 1-1 intro overlay (auto-transitions to play after 150 frames)
 747  6282 32 15 40         LD (GameState), A
 748  6285 AF               XOR A
 749  6286 32 16 40         LD (AbsorbCounter), A
 750  6289 32 17 40         LD (GameOverTick), A
 751  628C 32 18 40         LD (HeadFlightTick), A
 752  628F CD 08 80         CALL LoadGameOverPalette    ; Both intro и game over используют custom palette
 753  6292                  ; Atlas page #0D = LEVEL 1-1 + SPIRAL OF DOOM (для state 3 intro).
 754  6292                  ; DMA-копирует source page #51 → page #0D. Перезаписывает GAME OVER, если был.
 755  6292 3E 51            LD A, LVLINTRO_ATLAS_SRC_PAGE
 756  6294 CD F4 75         CALL CopyAtlasToPageD
 757  6297 3E FF            LD A, #FF
 758  6299 32 4E 80         LD (MatchScanIdx), A   ; "no scan pending"
 759  629C
 760  629C                  ; --- ВАЖНО: явно инициализируем page bases (после F12 reset значения могут
 761  629C                  ; быть corruptВанные → DMA blit в page 5 (main0 = код/данные) → memory corruption).
 762  629C 3E 10            LD A, CANVAS_A_PAGE_BASE
 763  629E 32 13 40         LD (VisiblePageBase), A
 764  62A1 3E 20            LD A, CANVAS_B_PAGE_BASE
 765  62A3 32 14 40         LD (ShadowPageBase), A
 766  62A6
 767  62A6                  ; --- TrackData splits across slot 2 (page 2) и slot 3 (page #60). 12386 bytes
 768  62A6                  ; от 0x969C, заполняет 0x969C..0xBFFF (page 2) + 0xC000..0xC6FE (page #60).
 769  62A6                  ; PAGE3 должен быть = #60 чтобы read TrackData[t] для t > ~2520 не возвращал ROM-garbage.
 770  62A6 01 AF 12         LD BC, PAGE2
 770  62A9 3E 02          LD A, 2
 770  62AB ED 79          OUT (C), A
 771  62AD 01 AF 13         LD BC, PAGE3
 771  62B0 3E 0C          LD A, #0C
 771  62B2 ED 79          OUT (C), A
 772  62B4
 773  62B4                  ; --- Killzone: позиция = конец трека (TrackData[TRACK_NUM_POINTS-1])
 774  62B4 21 6D 0B         LD HL, TRACK_NUM_POINTS - 1
 775  62B7 29               ADD HL, HL
 775  62B8 29             ADD HL, HL                 ; HL = (TRACK_NUM_POINTS-1) * 4
 776  62B9 11 9C 96         LD DE, TrackData
 777  62BC 19               ADD HL, DE
 778  62BD 7E               LD A, (HL)
 778  62BE 32 54 80       LD (KzCenterX), A
 778  62C1 23             INC HL
 779  62C2 7E               LD A, (HL)
 779  62C3 32 55 80       LD (KzCenterX+1), A
 779  62C6 23             INC HL
 780  62C7 7E               LD A, (HL)
 780  62C8 32 56 80       LD (KzCenterY), A
 780  62CB 23             INC HL
 781  62CC 7E               LD A, (HL)
 781  62CD 32 57 80       LD (KzCenterY+1), A
 782  62D0 AF               XOR A
 783  62D1 32 50 80         LD (KzFrame), A           ; mouth closed at start
 784  62D4 32 51 80         LD (KzFrameWait), A
 785  62D7 32 52 80         LD (KzTargetFrame), A
 786  62DA 32 53 80         LD (KzFrameLastBurned), A ; OneTimeBlitKzToGolden ниже выпекает frame 0
 787  62DD 3E 01            LD A, 1
 788  62DF 32 58 80         LD (KzVisible), A
 789  62E2
 790  62E2                  ; (Старый CRAM[#FE] hack удалён — text теперь через TSU sprites с yellow palette.)
 791  62E2                  ; --- Chain0 slot-state: заполнить GAP_MARKER (= GAP_STOP), offsets/Shot2/scalars обнулить.
 792  62E2 21 EC 80         LD HL, Chain0_Slots
 793  62E5 06 F0            LD B, MAX_SLOTS_PER_CHAIN
 794  62E7              .ig_c0slots_gap:
 795  62E7 36 FE            LD (HL), GAP_MARKER
 796  62E9 23               INC HL
 797  62EA 10 FB            DJNZ .ig_c0slots_gap
 798  62EC 21 DC 81         LD HL, Chain0_SlotOffsets
 799  62EF 06 F0            LD B, MAX_SLOTS_PER_CHAIN
 800  62F1              .ig_c0offs_clr:
 801  62F1 36 00            LD (HL), 0
 802  62F3 23               INC HL
 803  62F4 10 FB            DJNZ .ig_c0offs_clr
 804  62F6 21 CC 82         LD HL, Chain0_Shot2
 805  62F9 06 F0            LD B, MAX_SLOTS_PER_CHAIN
 806  62FB              .ig_c0shot2_clr:
 807  62FB 36 00            LD (HL), 0
 808  62FD 23               INC HL
 809  62FE 10 FB            DJNZ .ig_c0shot2_clr
 810  6300 AF               XOR A
 811  6301 32 9C 85         LD (Chain0_HeadSlotAbs), A
 812  6304 32 9D 85         LD (Chain0_HeadSub), A
 813  6307 32 9E 85         LD (Chain0_SlotsLen), A
 814  630A
 815  630A                  ; Инициализируем MouseBtnPrev = 1 — pretend "ЛКМ нажата при старте".
 816  630A                  ; Edge detection требует release→press, поэтому первый кадр НЕ выстрелит,
 817  630A                  ; даже если порт показывает LMB pressed (auto-fire bug).
 818  630A 3E 01            LD A, 1
 819  630C 32 67 80         LD (MouseBtnPrev), A
 820  630F
 821  630F                  ; --- RNG seeds. BallColorSeed зарождаем от RTC секунд × константа,
 822  630F                  ;     чтобы preview-цвет был непредсказуем уже с первого выстрела.
 823  630F                  ;     ChainColorSeed — фиксированный (последовательность стабильна).
 824  630F CD 1A 69         CALL ReadRTCSeconds                   ; A = 0..59
 825  6312 B7               OR A
 826  6313 20 02            JR NZ, .ig_seed_have
 827  6315 3E 11            LD A, 17                              ; защита если RTC = 0
 828  6317              .ig_seed_have:
 829  6317 67               LD H, A
 830  6318 2E A5            LD L, $A5                             ; ненулевой младший байт
 831  631A 22 41 80         LD (BallColorSeed), HL
 832  631D 21 34 12         LD HL, $1234
 833  6320 22 43 80         LD (ChainColorSeed), HL
 834  6323 3E 01            LD A, 1
 835  6325 32 45 80         LD (ChainColorFirst), A               ; первый вызов RandomChainColor scramble через RTC
 836  6328
 837  6328                  ; Уровень: количество цветов (level 1 = 4 colors per ZumaHD settings/level1).
 838  6328                  ; TODO: per-stage table — для 1-2..1-4 другие colors. Пока фиксированно для level 1-1.
 839  6328 3E 04            LD A, 4
 840  632A 32 3F 80         LD (LevelNumColors), A
 841  632D
 842  632D                  ; Обнуляем ChainPrevValidA/B (DS не очищает память, мусор → BlitChain crash)
 843  632D 21 DE 43         LD HL, ChainPrevValidA
 844  6330 06 F0            LD B, MAX_CHAIN_BALLS
 845  6332              .ig_clr_va:
 846  6332 36 00            LD (HL), 0
 846  6334 23             INC HL
 847  6335 10 FB            DJNZ .ig_clr_va
 848  6337 21 8E 48         LD HL, ChainPrevValidB
 849  633A 06 F0            LD B, MAX_CHAIN_BALLS
 850  633C              .ig_clr_vb:
 851  633C 36 00            LD (HL), 0
 851  633E 23             INC HL
 852  633F 10 FB            DJNZ .ig_clr_vb
 853  6341
 854  6341                  ; Explosion state: ExplodingFrame[] / ExplodingMarker[] = 0 (без stale при reset).
 855  6341 21 BC 83         LD HL, Chain0_ExplodingFrame
 856  6344 06 F0            LD B, MAX_SLOTS_PER_CHAIN
 857  6346              .ig_clr_ef:
 858  6346 36 00            LD (HL), 0
 858  6348 23             INC HL
 859  6349 10 FB            DJNZ .ig_clr_ef
 860  634B 21 AC 84         LD HL, Chain0_ExplodingMarker
 861  634E 06 F0            LD B, MAX_SLOTS_PER_CHAIN
 862  6350              .ig_clr_em:
 863  6350 36 00            LD (HL), 0
 863  6352 23             INC HL
 864  6353 10 FB            DJNZ .ig_clr_em
 865  6355 C9               RET
 866  6356
 867  6356              ; ================================================================
 868  6356              ; ПОРОЖДЕНИЕ ШАРА
 869  6356              ; Вход: A = угол, C = скорость
 870  6356              ; Позиция = FrogCenter + 6*Dir[N] (= ~24 пикселя от центра жабы по дуге).
 871  6356              ; Так шар появляется на ободе жабы в направлении выстрела.
 872  6356              ; ================================================================
 873  6356              SpawnBall:
 874  6356                  ; В VDC-модели стрельба разрешена ВСЕГДА: GAP-cells блокируют match-scan по слот-логике,
 875  6356                  ; offsets не используются. Игрок может накладывать gaps для extending pause.
 876  6356 32 69 80         LD (TmpAngle), A
 877  6359 79               LD A, C
 878  635A 32 6A 80         LD (TmpSpeed), A
 879  635D
 880  635D                  ; Поиск свободного слота
 881  635D DD 21 A4 80      LD IX, BallTable
 882  6361 06 08            LD B, MAX_BALLS
 883  6363              .sb_find:
 884  6363 DD 7E 06         LD A, (IX+BALL_ACTIVE)
 885  6366 B7               OR A
 886  6367 28 08            JR Z, .sb_set
 887  6369 11 08 00         LD DE, 8
 888  636C DD 19            ADD IX, DE
 889  636E 10 F3            DJNZ .sb_find
 890  6370 C9               RET                          ; нет свободных слотов
 891  6371
 892  6371              .sb_set:
 893  6371                  ; NextBallColor = цвет ТЕКУЩЕГО выстрела (preview-шарик показывает его).
 894  6371                  ; После выстрела генерим новый цвет: LFSR × RTC_seconds mod 6.
 895  6371 3A 40 80         LD A, (NextBallColor)
 896  6374 DD 77 07         LD (IX+BALL_COLOR), A
 897  6377 CD C6 69         CALL RandomBallColor
 898  637A 32 40 80         LD (NextBallColor), A
 899  637D
 900  637D 3A 69 80         LD A, (TmpAngle)
 901  6380 DD 77 04         LD (IX+BALL_ANGLE), A
 902  6383 AF               XOR A
 903  6384 DD 77 05         LD (IX+BALL_SPEED), A                 ; 0 = норм. шар (>0 = approach counter)
 904  6387 3E 01            LD A, 1
 905  6389 DD 77 06         LD (IX+BALL_ACTIVE), A
 906  638C
 907  638C                  ; Index в таблицах Dir: N = угол >> 3 (0..31)
 908  638C 3A 69 80         LD A, (TmpAngle)
 909  638F CB 3F            SRL A
 909  6391 CB 3F          SRL A
 909  6393 CB 3F          SRL A
 910  6395 5F               LD E, A
 911  6396 16 00            LD D, 0
 912  6398
 913  6398                  ; Стартовая позиция шара 16×16 = позиция preview-шарика во рту (+2*Dir смещение
 914  6398                  ; от центра жабы). Центр шара совпадает с центром preview, шар «выходит изо рта»
 915  6398                  ; в направлении полёта. См. UpdatePreviewSprite.
 916  6398                  ; --- X = FrogX + 8 + 2*DirX[N] ---
 917  6398 21 20 86         LD HL, DirXTable
 918  639B 19               ADD HL, DE
 919  639C 7E               LD A, (HL)                    ; signed -4..+4
 920  639D 87               ADD A, A                      ; A = 2*Dir
 921  639E 6F               LD L, A
 922  639F 26 00            LD H, 0
 923  63A1 CB 7F            BIT 7, A
 924  63A3 28 01            JR Z, .sb_x_pos
 925  63A5 25               DEC H
 926  63A6              .sb_x_pos:
 927  63A6 ED 4B 3A 80      LD BC, (FrogX)
 928  63AA 09               ADD HL, BC
 929  63AB 01 14 00         LD BC, 20
 930  63AE 09               ADD HL, BC                    ; HL = FrogX + 20 + 2*DirX (ball 24x24 top-left = FrogCenter - 12)
 931  63AF DD 75 00         LD (IX+BALL_X), L
 932  63B2 7C               LD A, H
 933  63B3 DD 77 01         LD (IX+BALL_X+1), A
 934  63B6
 935  63B6                  ; --- Y = FrogY + 8 + 2*DirY[N] ---
 936  63B6 3A 69 80         LD A, (TmpAngle)
 937  63B9 CB 3F            SRL A
 937  63BB CB 3F          SRL A
 937  63BD CB 3F          SRL A
 938  63BF 5F               LD E, A
 939  63C0 16 00            LD D, 0
 940  63C2 21 40 86         LD HL, DirYTable
 941  63C5 19               ADD HL, DE
 942  63C6 7E               LD A, (HL)
 943  63C7 87               ADD A, A
 944  63C8 6F               LD L, A
 945  63C9 26 00            LD H, 0
 946  63CB CB 7F            BIT 7, A
 947  63CD 28 01            JR Z, .sb_y_pos
 948  63CF 25               DEC H
 949  63D0              .sb_y_pos:
 950  63D0 ED 4B 3C 80      LD BC, (FrogY)
 951  63D4 09               ADD HL, BC
 952  63D5 01 14 00         LD BC, 20
 953  63D8 09               ADD HL, BC                    ; HL = FrogY + 20 + 2*DirY (ball 24x24)
 954  63D9 DD 75 02         LD (IX+BALL_Y), L
 955  63DC 7C               LD A, H
 956  63DD DD 77 03         LD (IX+BALL_Y+1), A
 957  63E0 C9               RET
 958  63E1
 959  63E1              ; ================================================================
 960  63E1              ; ОБРАБОТКА ВВОДА — поворот O/P, выстрел Q
 961  63E1              ; O = бит 1 порта #DFFE, P = бит 0 порта #DFFE
 962  63E1              ; ================================================================
 963  63E1              HandleInput:
 964  63E1                  ; --- Поворот клавишами O/P ---
 965  63E1 01 FE DF         LD BC, KEY_O        ; #DFFE — общий порт для O и P
 966  63E4 ED 78            IN A, (C)
 967  63E6 5F               LD E, A             ; сохранить состояние строки клавиш
 968  63E7 CB 4F            BIT 1, A            ; O нажата?
 969  63E9 20 08            JR NZ, .check_p
 970  63EB 3A 3E 80         LD A, (FrogAngle)
 971  63EE D6 04            SUB ROTATION_SPEED
 972  63F0 32 3E 80         LD (FrogAngle), A
 973  63F3              .check_p:
 974  63F3 7B               LD A, E
 975  63F4 CB 47            BIT 0, A            ; P нажата?
 976  63F6 20 08            JR NZ, .check_space
 977  63F8 3A 3E 80         LD A, (FrogAngle)
 978  63FB C6 04            ADD A, ROTATION_SPEED
 979  63FD 32 3E 80         LD (FrogAngle), A
 980  6400
 981  6400              .check_space:
 982  6400                  ; Строгий 1-нажатие = 1-выстрел. KeySpacePrev: 0=ready, 1=fired.
 983  6400 01 FE 7F         LD BC, KEY_SPACE
 984  6403 ED 78            IN A, (C)
 985  6405 CB 47            BIT 0, A
 986  6407 28 05            JR Z, .ks_pressed
 987  6409 AF               XOR A
 988  640A 32 5B 80         LD (KeySpacePrev), A          ; released → reset
 989  640D C9               RET
 990  640E              .ks_pressed:
 991  640E 3A 5B 80         LD A, (KeySpacePrev)
 992  6411 B7               OR A
 993  6412 C0               RET NZ                         ; уже стреляли — ждём release
 994  6413 3E 01            LD A, 1
 995  6415 32 5B 80         LD (KeySpacePrev), A
 996  6418 C3 D9 64         JP ShootBall
 997  641B
 998  641B              ; ================================================================
 999  641B              ; УГОЛ ЛЯГУШКИ К КУРСОРУ МЫШИ
1000  641B              ; Вход: MouseAbsX, MouseAbsY; лягушка зафиксирована в FrogX/FrogY
1001  641B              ; Выход: FrogAngle (0=вправо, 64=вниз, 128=влево, 192=вверх)
1002  641B              ; ================================================================
1003  641B              ComputeFrogAngle:
1004  641B                  ; dx = (SmoothMouseX + 8) - (FrogX + 32) = SmoothMouseX - FrogX - 24
1005  641B                  ; (центр курсора 16×16 относительно центра жабы 64×64). Используется
1006  641B                  ; SmoothMouseX/Y, не raw — иначе кадровое jitter перекидывает FrogAngle.
1007  641B 2A 60 80         LD HL, (SmoothMouseX)
1008  641E ED 5B 3A 80      LD DE, (FrogX)
1009  6422 A7               AND A
1010  6423 ED 52            SBC HL, DE
1011  6425 11 18 00         LD DE, 24
1012  6428 A7               AND A
1013  6429 ED 52            SBC HL, DE
1014  642B
1015  642B 06 00            LD B, 0             ; флаги: бит0=dx<0, бит1=dy<0, бит2=|dy|>|dx|
1016  642D CB 7C            BIT 7, H
1017  642F 28 09            JR Z, .dx_pos
1018  6431 CB C0            SET 0, B
1019  6433 7C               LD A, H
1019  6434 2F             CPL
1019  6435 67             LD H, A
1020  6436 7D               LD A, L
1020  6437 2F             CPL
1020  6438 6F             LD L, A
1021  6439 23               INC HL
1022  643A              .dx_pos:
1023  643A 4D               LD C, L             ; C = |dx| (≤200, в 8 бит)
1024  643B
1025  643B                  ; dy = (SmoothMouseY + 8) - (FrogY + 32) = SmoothMouseY - FrogY - 24
1026  643B 2A 62 80         LD HL, (SmoothMouseY)
1027  643E ED 5B 3C 80      LD DE, (FrogY)
1028  6442 A7               AND A
1029  6443 ED 52            SBC HL, DE
1030  6445 11 18 00         LD DE, 24
1031  6448 A7               AND A
1032  6449 ED 52            SBC HL, DE
1033  644B
1034  644B CB 7C            BIT 7, H
1035  644D 28 09            JR Z, .dy_pos
1036  644F CB C8            SET 1, B
1037  6451 7C               LD A, H
1037  6452 2F             CPL
1037  6453 67             LD H, A
1038  6454 7D               LD A, L
1038  6455 2F             CPL
1038  6456 6F             LD L, A
1039  6457 23               INC HL
1040  6458              .dy_pos:
1041  6458 5D               LD E, L             ; E = |dy| (≤167, в 8 бит)
1042  6459
1043  6459                  ; Если |dy| > |dx| — меняем местами, запоминаем флаг октанта
1044  6459 7B               LD A, E
1045  645A B9               CP C
1046  645B 38 05            JR C, .no_swap
1047  645D CB D0            SET 2, B
1048  645F 79               LD A, C
1048  6460 4B             LD C, E
1048  6461 5F             LD E, A
1049  6462              .no_swap:
1050  6462                  ; C = max(|dx|,|dy|), E = min(|dx|,|dy|)
1051  6462 79               LD A, C
1052  6463 B7               OR A
1053  6464 28 61            JR Z, .cfa_done     ; курсор на лягушке — не менять угол
1054  6466
1055  6466                  ; t = E*128 / C → 0..128 (4× разрешение vs исходных 32, плавнее на диагоналях)
1056  6466 26 00            LD H, 0
1057  6468 6B               LD L, E
1058  6469 29               ADD HL, HL
1058  646A 29             ADD HL, HL
1058  646B 29             ADD HL, HL
1059  646C 29               ADD HL, HL
1059  646D 29             ADD HL, HL
1059  646E 29             ADD HL, HL
1059  646F 29             ADD HL, HL
1060  6470                                      ; HL = E*128
1061  6470 CD C8 64         CALL Div16by8       ; A = HL / C (0..129)
1062  6473 FE 81            CP 129
1063  6475 38 02            JR C, .do_lookup
1064  6477 3E 80            LD A, 128           ; clamp до 128 (последний валидный индекс)
1065  6479              .do_lookup:
1066  6479 21 9F 85         LD HL, AtanTable
1067  647C 16 00            LD D, 0
1067  647E 5F             LD E, A
1068  647F 19               ADD HL, DE
1069  6480 7E               LD A, (HL)          ; A = угол 1-го октанта (0..32 в ед. 1/256 окружности)
1070  6481
1071  6481                  ; Если был swap — зеркалим к 90°: A = 64 - A
1072  6481 CB 50            BIT 2, B
1073  6483 28 04            JR Z, .no_mirror
1074  6485 5F               LD E, A
1074  6486 3E 40          LD A, 64
1074  6488 93             SUB E
1075  6489              .no_mirror:
1076  6489                  ; A = угол в квадранте 0..64 (0°..90° от оси X)
1077  6489                  ; Применяем знаки dx/dy
1078  6489 CB 40            BIT 0, B
1079  648B 28 10            JR Z, .dx_pos2
1080  648D CB 48            BIT 1, B
1081  648F 28 06            JR Z, .q2
1082  6491                  ; Q3: dx<0, dy<0 → 128 + A (запад..север)
1083  6491 5F               LD E, A
1083  6492 3E 80          LD A, 128
1083  6494 83             ADD A, E
1084  6495 18 0C            JR .store
1085  6497              .q2:
1086  6497                  ; Q2: dx<0, dy≥0 → 128 - A (юг..запад)
1087  6497 5F               LD E, A
1087  6498 3E 80          LD A, 128
1087  649A 93             SUB E
1088  649B 18 06            JR .store
1089  649D              .dx_pos2:
1090  649D CB 48            BIT 1, B
1091  649F 28 02            JR Z, .store        ; Q1: dx≥0, dy≥0 → A (восток..юг)
1092  64A1                  ; Q4: dx≥0, dy<0 → -A mod 256 (север..восток)
1093  64A1 ED 44            NEG
1094  64A3              .store:
1095  64A3                  ; Вход: A = новый угол; C = max(|dx|,|dy|).
1096  64A3                  ; Стратегия: гибрид «быстрый/медленный»
1097  64A3                  ;   |diff| >= 4  → full update (быстрое движение)
1098  64A3                  ;   1 <= |diff| <= 3 → шаг на 1 unit в направлении (плавное следование без отставания)
1099  64A3                  ;   |diff| == 0  → no-op
1100  64A3 47               LD B, A                ; B = new
1101  64A4 79               LD A, C
1102  64A5 FE 05            CP 5
1103  64A7 38 1E            JR C, .cfa_done        ; deadzone: курсор точно на жабе
1104  64A9 78               LD A, B
1105  64AA 21 3E 80         LD HL, FrogAngle
1106  64AD 96               SUB (HL)               ; A = signed (new - old) через wrap (8-bit)
1107  64AE 28 17            JR Z, .cfa_done
1108  64B0 57               LD D, A                ; D = signed diff (запомним знак)
1109  64B1 CB 7F            BIT 7, A
1110  64B3 28 02            JR Z, .gp_pos
1111  64B5 ED 44            NEG                    ; A = |diff|
1112  64B7              .gp_pos:
1113  64B7 FE 04            CP 4
1114  64B9 30 0B            JR NC, .gp_full        ; крупный сдвиг → full
1115  64BB                  ; малый: шаг +/- 1 в направлении D
1116  64BB 7E               LD A, (HL)             ; A = old FrogAngle
1117  64BC CB 7A            BIT 7, D
1118  64BE 20 03            JR NZ, .gp_dec
1119  64C0 3C               INC A                  ; D >= 0 → шаг +1
1120  64C1 18 01            JR .gp_save
1121  64C3              .gp_dec:
1122  64C3 3D               DEC A                  ; D < 0 → шаг -1
1123  64C4              .gp_save:
1124  64C4 77               LD (HL), A
1125  64C5 C9               RET
1126  64C6              .gp_full:
1127  64C6 70               LD (HL), B             ; FrogAngle = new
1128  64C7              .cfa_done:
1129  64C7 C9               RET
1130  64C8
1131  64C8              ; ================================================================
1132  64C8              ; Div16by8: HL / C → A (частное 0..129)  C ≠ 0
1133  64C8              ; ================================================================
1134  64C8              Div16by8:
1135  64C8 AF               XOR A
1136  64C9 16 00            LD D, 0
1137  64CB              .d8_loop:
1138  64CB 59               LD E, C
1139  64CC A7               AND A
1140  64CD ED 52            SBC HL, DE
1141  64CF 38 06            JR C, .d8_restore
1142  64D1 3C               INC A
1143  64D2 FE 82            CP 130
1144  64D4 38 F5            JR C, .d8_loop
1145  64D6 C9               RET
1146  64D7              .d8_restore:
1147  64D7 19               ADD HL, DE
1148  64D8 C9               RET
1149  64D9
1150  64D9              ; ================================================================
1151  64D9              ; ВЫСТРЕЛ — каждое нажатие = отдельный выстрел (контролируется edge detection
1152  64D9              ; в HandleInput.check_space и HandleMouse).
1153  64D9              ; ================================================================
1154  64D9              SHOT_COOLDOWN_FRAMES EQU 20           ; ~400ms на 50fps
1155  64D9
1156  64D9              ShootBall:
1157  64D9 3A 5A 80         LD A, (ShotCooldown)
1158  64DC B7               OR A
1159  64DD C0               RET NZ                        ; ещё перезаряжаемся — игнорируем
1160  64DE 3E 14            LD A, SHOT_COOLDOWN_FRAMES
1161  64E0 32 5A 80         LD (ShotCooldown), A
1162  64E3 3A 3E 80         LD A, (FrogAngle)
1163  64E6 0E 03            LD C, 3
1164  64E8 C3 56 63         JP SpawnBall                 ; tail-call
1165  64EB
1166  64EB              ; ================================================================
1167  64EB              ; ОБНОВЛЕНИЕ ВСЕХ ШАРОВ
1168  64EB              ; ================================================================
1169  64EB              UpdateBalls:
1170  64EB DD 21 A4 80      LD IX, BallTable
1171  64EF 06 08            LD B, MAX_BALLS
1172  64F1
1173  64F1              .update_loop:
1174  64F1 DD 7E 06         LD A, (IX+BALL_ACTIVE)
1175  64F4 B7               OR A
1176  64F5 CA 36 66         JP Z, .next_ball
1177  64F8
1178  64F8                  ; Approach state: BALL_SPEED != 0 — шар привязан к target в цепочке
1179  64F8 DD 7E 05         LD A, (IX+BALL_SPEED)
1180  64FB B7               OR A
1181  64FC C2 0A 65         JP NZ, .approaching
1182  64FF
1183  64FF C5               PUSH BC                 ; MoveBall/MulSigned ломают B
1184  6500 CD 40 66         CALL MoveBall
1185  6503 CD 8F 66         CALL CheckBoundary
1186  6506 C1               POP BC
1187  6507 C3 36 66         JP .next_ball
1188  650A
1189  650A              .approaching:
1190  650A C5               PUSH BC
1191  650B CD 8F 66         CALL CheckBoundary       ; снимаем шар если ушёл за screen
1192  650E DD 7E 06         LD A, (IX+BALL_ACTIVE)
1193  6511 B7               OR A
1194  6512 CA 35 66         JP Z, .ap_not_arrived
1195  6515
1196  6515                  ; Validate target_idx — если >= SlotsLen, цель устарела (match-3 укоротил цепочку)
1197  6515 DD E5            PUSH IX
1197  6517 E1             POP HL
1198  6518 11 A4 80         LD DE, BallTable
1198  651B A7             AND A
1198  651C ED 52          SBC HL, DE
1199  651E CB 3C            SRL H
1199  6520 CB 1D          RR L
1199  6522 CB 3C          SRL H
1199  6524 CB 1D          RR L
1199  6526 CB 3C          SRL H
1199  6528 CB 1D          RR L
1200  652A 11 E4 80         LD DE, BallTargetIdx
1200  652D 19             ADD HL, DE
1201  652E 7E               LD A, (HL)                                  ; A = target_idx
1202  652F 21 9E 85         LD HL, Chain0_SlotsLen
1203  6532 BE               CP (HL)
1204  6533 38 0A            JR C, .ap_target_ok                         ; target_idx < SlotsLen — OK
1205  6535 AF               XOR A                                       ; иначе — kill ball
1206  6536 DD 77 06         LD (IX+BALL_ACTIVE), A
1207  6539 DD 77 05         LD (IX+BALL_SPEED), A
1208  653C C3 35 66         JP .ap_not_arrived
1209  653F              .ap_target_ok:
1210  653F                  ; ball_index = (IX - BallTable) / 8
1211  653F DD E5            PUSH IX
1212  6541 E1               POP HL
1213  6542 11 A4 80         LD DE, BallTable
1214  6545 A7               AND A
1214  6546 ED 52          SBC HL, DE
1215  6548 CB 3C            SRL H
1215  654A CB 1D          RR L
1216  654C CB 3C            SRL H
1216  654E CB 1D          RR L
1217  6550 CB 3C            SRL H
1217  6552 CB 1D          RR L
1218  6554 11 E4 80         LD DE, BallTargetIdx
1219  6557 19               ADD HL, DE
1220  6558 7E               LD A, (HL)                            ; A = target_idx
1221  6559 CD 35 6F         CALL ComputeApproachTarget            ; → TmpTargetX, TmpTargetY (top-left)
1222  655C
1223  655C                  ; --- движение по X к TmpTargetX (шаг 4 пикс)
1224  655C DD 6E 00         LD L, (IX+BALL_X)
1224  655F DD 66 01       LD H, (IX+BALL_X+1)
1225  6562 ED 5B 98 80      LD DE, (TmpTargetX)
1226  6566 A7               AND A
1227  6567 ED 52            SBC HL, DE                            ; HL = ball - target
1228  6569 30 21            JR NC, .ap_x_ge                       ; ball >= target → шаг назад
1229  656B                  ; ball < target → шаг вперёд
1230  656B AF               XOR A
1230  656C 95             SUB L
1230  656D 6F             LD L, A
1231  656E 3E 00            LD A, 0
1231  6570 9C             SBC A, H
1231  6571 67             LD H, A          ; HL = |dx|
1232  6572 7C               LD A, H
1232  6573 B7             OR A
1232  6574 20 0A          JR NZ, .ap_x_add4
1233  6576 7D               LD A, L
1233  6577 FE 05          CP 5
1233  6579 30 05          JR NC, .ap_x_add4
1234  657B                  ; |dx| <= 4 → ball.X = target.X
1235  657B 2A 98 80         LD HL, (TmpTargetX)
1236  657E 18 26            JR .ap_x_store
1237  6580              .ap_x_add4:
1238  6580 DD 6E 00         LD L, (IX+BALL_X)
1238  6583 DD 66 01       LD H, (IX+BALL_X+1)
1239  6586 11 04 00         LD DE, 4
1240  6589 19               ADD HL, DE
1241  658A 18 1A            JR .ap_x_store
1242  658C              .ap_x_ge:
1243  658C 7C               LD A, H
1243  658D B7             OR A
1243  658E 20 0A          JR NZ, .ap_x_sub4
1244  6590 7D               LD A, L
1244  6591 FE 05          CP 5
1244  6593 30 05          JR NC, .ap_x_sub4
1245  6595 2A 98 80         LD HL, (TmpTargetX)
1246  6598 18 0C            JR .ap_x_store
1247  659A              .ap_x_sub4:
1248  659A DD 6E 00         LD L, (IX+BALL_X)
1248  659D DD 66 01       LD H, (IX+BALL_X+1)
1249  65A0 11 04 00         LD DE, 4
1250  65A3 A7               AND A
1251  65A4 ED 52            SBC HL, DE
1252  65A6              .ap_x_store:
1253  65A6 DD 75 00         LD (IX+BALL_X), L
1254  65A9 7C               LD A, H
1254  65AA DD 77 01       LD (IX+BALL_X+1), A
1255  65AD
1256  65AD                  ; --- движение по Y к TmpTargetY
1257  65AD DD 6E 02         LD L, (IX+BALL_Y)
1257  65B0 DD 66 03       LD H, (IX+BALL_Y+1)
1258  65B3 ED 5B 9A 80      LD DE, (TmpTargetY)
1259  65B7 A7               AND A
1260  65B8 ED 52            SBC HL, DE
1261  65BA 30 21            JR NC, .ap_y_ge
1262  65BC AF               XOR A
1262  65BD 95             SUB L
1262  65BE 6F             LD L, A
1263  65BF 3E 00            LD A, 0
1263  65C1 9C             SBC A, H
1263  65C2 67             LD H, A
1264  65C3 7C               LD A, H
1264  65C4 B7             OR A
1264  65C5 20 0A          JR NZ, .ap_y_add4
1265  65C7 7D               LD A, L
1265  65C8 FE 05          CP 5
1265  65CA 30 05          JR NC, .ap_y_add4
1266  65CC 2A 9A 80         LD HL, (TmpTargetY)
1267  65CF 18 26            JR .ap_y_store
1268  65D1              .ap_y_add4:
1269  65D1 DD 6E 02         LD L, (IX+BALL_Y)
1269  65D4 DD 66 03       LD H, (IX+BALL_Y+1)
1270  65D7 11 04 00         LD DE, 4
1271  65DA 19               ADD HL, DE
1272  65DB 18 1A            JR .ap_y_store
1273  65DD              .ap_y_ge:
1274  65DD 7C               LD A, H
1274  65DE B7             OR A
1274  65DF 20 0A          JR NZ, .ap_y_sub4
1275  65E1 7D               LD A, L
1275  65E2 FE 05          CP 5
1275  65E4 30 05          JR NC, .ap_y_sub4
1276  65E6 2A 9A 80         LD HL, (TmpTargetY)
1277  65E9 18 0C            JR .ap_y_store
1278  65EB              .ap_y_sub4:
1279  65EB DD 6E 02         LD L, (IX+BALL_Y)
1279  65EE DD 66 03       LD H, (IX+BALL_Y+1)
1280  65F1 11 04 00         LD DE, 4
1281  65F4 A7               AND A
1282  65F5 ED 52            SBC HL, DE
1283  65F7              .ap_y_store:
1284  65F7 DD 75 02         LD (IX+BALL_Y), L
1285  65FA 7C               LD A, H
1285  65FB DD 77 03       LD (IX+BALL_Y+1), A
1286  65FE
1287  65FE                  ; --- если ball == target по обеим осям → insert + delete
1288  65FE DD 6E 00         LD L, (IX+BALL_X)
1288  6601 DD 66 01       LD H, (IX+BALL_X+1)
1289  6604 ED 5B 98 80      LD DE, (TmpTargetX)
1290  6608 A7               AND A
1290  6609 ED 52          SBC HL, DE
1291  660B 20 28            JR NZ, .ap_not_arrived
1292  660D DD 6E 02         LD L, (IX+BALL_Y)
1292  6610 DD 66 03       LD H, (IX+BALL_Y+1)
1293  6613 ED 5B 9A 80      LD DE, (TmpTargetY)
1294  6617 A7               AND A
1294  6618 ED 52          SBC HL, DE
1295  661A 20 19            JR NZ, .ap_not_arrived
1296  661C
1297  661C 3A 70 80         LD A, (TmpChainIdx)
1298  661F 32 7F 80         LD (TmpInsertIdx), A
1299  6622 DD 7E 07         LD A, (IX+BALL_COLOR)
1300  6625 32 97 80         LD (TmpInsertColor), A
1301  6628 CD 23 6A         CALL InsertChainBall
1302  662B CD 43 6C         CALL CheckMatch3                          ; pending compaction установит cascade flow
1303  662E              .ap_combo_done:
1304  662E AF               XOR A
1305  662F DD 77 06         LD (IX+BALL_ACTIVE), A
1306  6632 DD 77 05         LD (IX+BALL_SPEED), A
1307  6635              .ap_not_arrived:
1308  6635 C1               POP BC
1309  6636
1310  6636              .next_ball:
1311  6636 11 08 00         LD DE, 8
1312  6639 DD 19            ADD IX, DE
1313  663B 05               DEC B
1314  663C C2 F1 64         JP NZ, .update_loop
1315  663F C9               RET
1316  6640
1317  6640              ; ================================================================
1318  6640              ; ДВИЖЕНИЕ ШАРА: BallX/Y += DirX/Y[N]. Скорость 4 пикс/кадр на осях.
1319  6640              ; ================================================================
1320  6640              MoveBall:
1321  6640 DD 7E 04         LD A, (IX+BALL_ANGLE)
1322  6643 CB 3F            SRL A
1322  6645 CB 3F          SRL A
1322  6647 CB 3F          SRL A           ; N = angle >> 3
1323  6649 5F               LD E, A
1324  664A 16 00            LD D, 0
1325  664C
1326  664C 21 20 86         LD HL, DirXTable
1327  664F 19               ADD HL, DE
1328  6650 7E               LD A, (HL)
1329  6651 6F               LD L, A
1330  6652 26 00            LD H, 0
1331  6654 CB 7F            BIT 7, A
1332  6656 28 01            JR Z, .mb_x_pos
1333  6658 25               DEC H
1334  6659              .mb_x_pos:
1335  6659 DD 5E 00 DD      LD DE, (IX+BALL_X)
1335  665D 56 01
1336  665F 19               ADD HL, DE
1337  6660 DD 75 00         LD (IX+BALL_X), L
1338  6663 7C               LD A, H
1339  6664 DD 77 01         LD (IX+BALL_X+1), A
1340  6667
1341  6667 DD 7E 04         LD A, (IX+BALL_ANGLE)
1342  666A CB 3F            SRL A
1342  666C CB 3F          SRL A
1342  666E CB 3F          SRL A
1343  6670 5F               LD E, A
1344  6671 16 00            LD D, 0
1345  6673 21 40 86         LD HL, DirYTable
1346  6676 19               ADD HL, DE
1347  6677 7E               LD A, (HL)
1348  6678 6F               LD L, A
1349  6679 26 00            LD H, 0
1350  667B CB 7F            BIT 7, A
1351  667D 28 01            JR Z, .mb_y_pos
1352  667F 25               DEC H
1353  6680              .mb_y_pos:
1354  6680 DD 5E 02 DD      LD DE, (IX+BALL_Y)
1354  6684 56 03
1355  6686 19               ADD HL, DE
1356  6687 DD 75 02         LD (IX+BALL_Y), L
1357  668A 7C               LD A, H
1358  668B DD 77 03         LD (IX+BALL_Y+1), A
1359  668E C9               RET
1360  668F
1361  668F              ; ================================================================
1362  668F              ; ПРОВЕРКА ГРАНИЦ — Zuma-стиль: шар вылетает за экран → удаляется.
1363  668F              ; Удаляем когда top-left уходит за пределы видимой области.
1364  668F              ; ================================================================
1365  668F              CheckBoundary:
1366  668F                  ; X < 0 (signed) → удалить
1367  668F DD 6E 00 DD      LD HL, (IX+BALL_X)
1367  6693 66 01
1368  6695 CB 7C            BIT 7, H
1369  6697 20 1B            JR NZ, .cb_remove
1370  6699                  ; X >= SCR_W (360) → удалить
1371  6699 11 68 01         LD DE, SCR_W
1372  669C A7               AND A
1373  669D ED 52            SBC HL, DE
1374  669F 30 13            JR NC, .cb_remove
1375  66A1
1376  66A1                  ; Y
1377  66A1 DD 6E 02 DD      LD HL, (IX+BALL_Y)
1377  66A5 66 03
1378  66A7 CB 7C            BIT 7, H
1379  66A9 20 09            JR NZ, .cb_remove
1380  66AB 11 20 01         LD DE, SCR_H
1381  66AE A7               AND A
1382  66AF ED 52            SBC HL, DE
1383  66B1 30 01            JR NC, .cb_remove
1384  66B3 C9               RET                         ; шар в пределах экрана
1385  66B4
1386  66B4              .cb_remove:
1387  66B4 AF               XOR A
1388  66B5 DD 77 06         LD (IX+BALL_ACTIVE), A
1389  66B8                  ; Очищаем 6 байт дескриптора в SFILE — иначе TSU продолжит рисовать старые
1390  66B8                  ; координаты пока UpdateBallSprites не дойдёт до этого слота. С skip-inactive
1391  66B8                  ; в UBS, без этой очистки дескриптор живёт вечно.
1392  66B8 E5               PUSH HL
1393  66B9 D5               PUSH DE
1394  66BA C5               PUSH BC
1395  66BB DD E5            PUSH IX
1396  66BD E1               POP HL                          ; HL = IX
1397  66BE 11 A4 80         LD DE, BallTable
1398  66C1 A7               AND A
1399  66C2 ED 52            SBC HL, DE                      ; HL = slot_index * 8 (BallTable struct stride)
1400  66C4                  ; slot = HL/8 (slot 0..31, H=0)
1401  66C4 7D               LD A, L
1402  66C5 CB 3F            SRL A
1402  66C7 CB 3F          SRL A
1402  66C9 CB 3F          SRL A           ; A = slot
1403  66CB                  ; descriptor = DESC_BALL0 + slot*6
1404  66CB 26 00            LD H, 0
1404  66CD 6F             LD L, A
1405  66CE 54               LD D, H
1405  66CF 5D             LD E, L               ; DE = slot
1406  66D0 29               ADD HL, HL                      ; HL = slot*2
1407  66D1 19               ADD HL, DE                      ; HL = slot*3
1408  66D2 29               ADD HL, HL                      ; HL = slot*6
1409  66D3 11 BC 03         LD DE, DESC_BALL0
1410  66D6 19               ADD HL, DE                      ; HL = descriptor address
1411  66D7 01 AF 15         LD BC, FMADDR
1411  66DA 3E 10          LD A, FM_EN
1411  66DC ED 79          OUT (C), A
1412  66DE AF               XOR A
1413  66DF 06 06            LD B, 6
1414  66E1              .cb_clr:
1415  66E1 77               LD (HL), A
1416  66E2 23               INC HL
1417  66E3 10 FC            DJNZ .cb_clr
1418  66E5 01 AF 15         LD BC, FMADDR
1418  66E8 AF             XOR A
1418  66E9 ED 79          OUT (C), A
1419  66EB C1               POP BC
1420  66EC D1               POP DE
1421  66ED E1               POP HL
1422  66EE C9               RET
1423  66EF
1424  66EF              ; ================================================================
1425  66EF              ; ПРОВЕРКА КОЛЛИЗИЙ
1426  66EF              ; ================================================================
1427  66EF              CheckCollisions:
1428  66EF CD F3 66         CALL CheckBallCollisions
1429  66F2 C9               RET
1430  66F3
1431  66F3              CheckBallCollisions:
1432  66F3 DD 21 A4 80      LD IX, BallTable
1433  66F7 06 08            LD B, MAX_BALLS
1434  66F9              .outer:
1435  66F9 DD 7E 06         LD A, (IX+BALL_ACTIVE)
1436  66FC B7               OR A
1437  66FD 28 62            JR Z, .next_outer
1438  66FF
1439  66FF FD 21 A4 80      LD IY, BallTable
1440  6703 0E 08            LD C, MAX_BALLS
1441  6705              .inner:
1442  6705 FD 7E 06         LD A, (IY+BALL_ACTIVE)
1443  6708 B7               OR A
1444  6709 28 4E            JR Z, .next_inner
1445  670B
1446  670B                  ; Сравниваем адреса
1447  670B DD 7D            LD A, IXL
1448  670D FD BD            CP IYL
1449  670F 20 06            JR NZ, .check
1450  6711 DD 7C            LD A, IXH
1451  6713 FD BC            CP IYH
1452  6715 28 42            JR Z, .next_inner
1453  6717
1454  6717              .check:
1455  6717 C5               PUSH BC                 ; B/C — счётчики циклов, сохраняем
1456  6718                  ; |dx| → стек (BC сохранены, потому push дальше)
1457  6718 DD 6E 00 DD      LD HL, (IX+BALL_X)
1457  671C 66 01
1458  671E FD 5E 00 FD      LD DE, (IY+BALL_X)
1458  6722 56 01
1459  6724 CD 69 67         CALL AbsDiff16
1460  6727 E5               PUSH HL                 ; save |dx| на стек
1461  6728
1462  6728                  ; |dy| → HL
1463  6728 DD 6E 02 DD      LD HL, (IX+BALL_Y)
1463  672C 66 03
1464  672E FD 5E 02 FD      LD DE, (IY+BALL_Y)
1464  6732 56 03
1465  6734 CD 69 67         CALL AbsDiff16
1466  6737 D1               POP DE                  ; DE = |dx|
1467  6738
1468  6738                  ; Столкновение если |dx| < 16 и |dy| < 16 (16-bit checks)
1469  6738 7A               LD A, D
1470  6739 B7               OR A
1471  673A 20 1C            JR NZ, .cbc_no_hit      ; |dx| ≥ 256
1472  673C 7B               LD A, E
1473  673D FE 10            CP 16
1474  673F 30 17            JR NC, .cbc_no_hit
1475  6741 7C               LD A, H
1476  6742 B7               OR A
1477  6743 20 13            JR NZ, .cbc_no_hit
1478  6745 7D               LD A, L
1479  6746 FE 10            CP 16
1480  6748 30 0E            JR NC, .cbc_no_hit
1481  674A
1482  674A                  ; Отскок — swap углов
1483  674A DD 7E 04         LD A, (IX+BALL_ANGLE)
1484  674D 57               LD D, A
1485  674E FD 7E 04         LD A, (IY+BALL_ANGLE)
1486  6751 DD 77 04         LD (IX+BALL_ANGLE), A
1487  6754 7A               LD A, D
1488  6755 FD 77 04         LD (IY+BALL_ANGLE), A
1489  6758              .cbc_no_hit:
1490  6758 C1               POP BC                  ; восстановить счётчики
1491  6759
1492  6759              .next_inner:
1493  6759 11 08 00         LD DE, 8
1494  675C FD 19            ADD IY, DE
1495  675E 0D               DEC C
1496  675F 20 A4            JR NZ, .inner
1497  6761
1498  6761              .next_outer:
1499  6761 11 08 00         LD DE, 8
1500  6764 DD 19            ADD IX, DE
1501  6766 10 91            DJNZ .outer
1502  6768 C9               RET
1503  6769
1504  6769              ; ================================================================
1505  6769              ; АБСОЛЮТНАЯ РАЗНОСТЬ 16-БИТ
1506  6769              ; ================================================================
1507  6769              AbsDiff16:
1508  6769 A7               AND A
1509  676A ED 52            SBC HL, DE
1510  676C 30 07            JR NC, .positive
1511  676E 7C               LD A, H
1512  676F 2F               CPL
1513  6770 67               LD H, A
1514  6771 7D               LD A, L
1515  6772 2F               CPL
1516  6773 6F               LD L, A
1517  6774 23               INC HL
1518  6775              .positive:
1519  6775 C9               RET
1520  6776
1521  6776              ; ================================================================
1522  6776              ; ОБНОВЛЕНИЕ СПРАЙТА ЛЯГУШКИ
1523  6776              ; ================================================================
1524  6776              UpdateFrogSprite:
1525  6776                  ; Кешируем CosTab16[N_dir] и SinTab16[N_dir] для последующих UpdatePreview/Back —
1526  6776                  ; не считать заново, экономит ~150 cycles на pre-frame.
1527  6776 3A 3E 80         LD A, (FrogAngle)
1528  6779 CB 3F            SRL A
1528  677B CB 3F          SRL A
1528  677D CB 3F          SRL A           ; A = N_dir (0..31, индекс DirTable)
1529  677F 5F               LD E, A
1529  6780 16 00          LD D, 0
1530  6782 21 60 86         LD HL, CosTab16
1530  6785 19             ADD HL, DE
1531  6786 7E               LD A, (HL)
1531  6787 32 A1 80       LD (FrogDirCos), A
1532  678A 21 80 86         LD HL, SinTab16
1532  678D 19             ADD HL, DE
1533  678E 7E               LD A, (HL)
1533  678F 32 A2 80       LD (FrogDirSin), A
1534  6792
1535  6792 01 AF 15         LD BC, FMADDR
1535  6795 3E 10          LD A, FM_EN
1535  6797 ED 79          OUT (C), A
1536  6799 21 00 02         LD HL, #0200
1537  679C
1538  679C ED 5B 3C 80      LD DE, (FrogY)
1539  67A0 73               LD (HL), E
1539  67A1 23             INC HL
1540  67A2 36 6E            LD (HL), %01101110              ; SPSIZ64+ACT+SPLEAP — следующие sprites в layer 1 (над T0+canvas)
1541  67A4 23               INC HL
1542  67A5
1543  67A5 ED 5B 3A 80      LD DE, (FrogX)
1544  67A9 73               LD (HL), E
1544  67AA 23             INC HL
1545  67AB 7A               LD A, D
1545  67AC E6 01          AND 1
1545  67AE F6 0E          OR %00001110
1546  67B0 77               LD (HL), A
1546  67B1 23             INC HL
1547  67B2
1548  67B2                  ; TNUM frog 64×64: N_frame = (FrogAngle+192)>>3, TNUM = (N>>3)*512 + (N&7)*8.
1549  67B2 3A 3E 80         LD A, (FrogAngle)
1550  67B5 C6 C0            ADD A, 192
1551  67B7 CB 3F            SRL A
1551  67B9 CB 3F          SRL A
1551  67BB CB 3F          SRL A           ; A = N_frame (0..31)
1552  67BD 57               LD D, A
1553  67BE CB 3F            SRL A
1553  67C0 CB 3F          SRL A
1554  67C2 E6 06            AND %00000110                   ; A = (N>>3)*2 = TNUM[11:8]
1555  67C4 5F               LD E, A
1556  67C5 7A               LD A, D
1556  67C6 E6 07          AND %00000111         ; A = N&7
1557  67C8 87               ADD A, A
1557  67C9 87             ADD A, A
1557  67CA 87             ADD A, A  ; A = (N&7)*8 = TNUM[7:0]
1558  67CB 77               LD (HL), A
1558  67CC 23             INC HL
1559  67CD 7B               LD A, E
1559  67CE 77             LD (HL), A
1560  67CF
1561  67CF 01 AF 15         LD BC, FMADDR
1561  67D2 AF             XOR A
1561  67D3 ED 79          OUT (C), A
1562  67D5 C9               RET
1563  67D6
1564  67D6              ; ================================================================
1565  67D6              ; ОБНОВЛЕНИЕ СПРАЙТОВ ШАРОВ — пишем descriptor для ВСЕХ 32 слотов каждый кадр:
1566  67D6              ; активные = данные шара, неактивные = 6 нулей (ACT=0). Это гарантирует, что
1567  67D6              ; descriptors шаров не содержат stale данных от предыдущих кадров или ROM-мусор.
1568  67D6              ; ================================================================
1569  67D6              UpdateBallSprites:
1570  67D6 DD 21 A4 80      LD IX, BallTable
1571  67DA 0E 01            LD C, 1
1572  67DC              .loop:
1573  67DC C5               PUSH BC
1574  67DD CD ED 67         CALL UpdateBallSprite
1575  67E0 C1               POP BC
1576  67E1 11 08 00         LD DE, 8
1577  67E4 DD 19            ADD IX, DE
1578  67E6 0C               INC C
1579  67E7 79               LD A, C
1580  67E8 FE 09            CP MAX_BALLS+1
1581  67EA 38 F0            JR C, .loop
1582  67EC C9               RET
1583  67ED
1584  67ED              ; ================================================================
1585  67ED              ; ОБНОВЛЕНИЕ СПРАЙТА ШАРА (16×16, 4bpp).
1586  67ED              ; Атлас в page 7 на TNUM 768 + COLOR*2 (от 768 до 778). SPAL = 2 + COLOR.
1587  67ED              ; Если ACTIVE=0, пишем нулевой дескриптор (ACT bit не установлен → невидимый).
1588  67ED              ; ================================================================
1589  67ED              UpdateBallSprite:
1590  67ED                  ; HL = DESC_BALL0 + (C-1)*6  (C = 1..MAX_BALLS).
1591  67ED                  ; Для C=1: HL = #020C (descriptor 2). Для C=32: HL = #02C6 (descriptor 33).
1592  67ED 79               LD A, C
1593  67EE 3D               DEC A
1594  67EF 6F               LD L, A
1595  67F0 26 00            LD H, 0
1596  67F2 54               LD D, H
1596  67F3 5D             LD E, L                       ; DE = C-1
1597  67F4 29               ADD HL, HL                              ; HL = 2*(C-1)
1598  67F5 19               ADD HL, DE                              ; HL = 3*(C-1)
1599  67F6 29               ADD HL, HL                              ; HL = 6*(C-1)
1600  67F7 11 BC 03         LD DE, DESC_BALL0
1601  67FA 19               ADD HL, DE                              ; HL = DESC_BALL0 + 6*(C-1)
1602  67FB
1603  67FB 01 AF 15         LD BC, FMADDR
1603  67FE 3E 10          LD A, FM_EN
1603  6800 ED 79          OUT (C), A
1604  6802
1605  6802 DD 7E 06         LD A, (IX+BALL_ACTIVE)
1606  6805 B7               OR A
1607  6806 28 34            JR Z, .ubs_clear
1608  6808
1609  6808 DD 5E 02 DD      LD DE, (IX+BALL_Y)
1609  680C 56 03
1610  680E 73               LD (HL), E
1610  680F 23             INC HL                  ; Y_L
1611  6810 7A               LD A, D
1611  6811 E6 01          AND 1
1611  6813 F6 24          OR SPACT+SPSIZ24
1612  6815 77               LD (HL), A
1612  6816 23             INC HL                  ; Y flags + ACT + SIZE16
1613  6817
1614  6817 DD 5E 00 DD      LD DE, (IX+BALL_X)
1614  681B 56 01
1615  681D 73               LD (HL), E
1615  681E 23             INC HL                  ; X_L
1616  681F 7A               LD A, D
1616  6820 E6 01          AND 1
1616  6822 F6 04          OR SPSIZ24
1617  6824 77               LD (HL), A
1617  6825 23             INC HL                  ; X flags + SIZE24
1618  6826
1619  6826                  ; TNUM_L = COLOR * 3 (24×24 ball stride 3 cells; TNUM = 2304 + COLOR*3)
1620  6826 DD 7E 07         LD A, (IX+BALL_COLOR)
1621  6829 57               LD D, A
1621  682A 87             ADD A, A
1621  682B 82             ADD A, D
1622  682C 77               LD (HL), A
1622  682D 23             INC HL
1623  682E
1624  682E DD 7E 07         LD A, (IX+BALL_COLOR)
1625  6831 C6 02            ADD A, 2
1626  6833 87               ADD A, A
1626  6834 87             ADD A, A
1626  6835 87             ADD A, A
1626  6836 87             ADD A, A
1627  6837 F6 09            OR 9
1628  6839 77               LD (HL), A
1629  683A 18 11            JR .ubs_done
1630  683C
1631  683C              .ubs_clear:
1632  683C 36 2C            LD (HL), #2C
1632  683E 23             INC HL                ; Y_L = 44 (300 - 256)
1633  683F 36 25            LD (HL), SPACT+SPSIZ24+1
1633  6841 23             INC HL    ; Y=300 + ACT + SIZE24
1634  6842 36 00            LD (HL), 0
1634  6844 23             INC HL                  ; X_L = 0
1635  6845 36 04            LD (HL), SPSIZ24
1635  6847 23             INC HL            ; X_H + SIZE24
1636  6848 36 00            LD (HL), 0
1636  684A 23             INC HL                  ; TNUM_L
1637  684B 36 00            LD (HL), 0                            ; TNUM_H + SPAL=0
1638  684D
1639  684D              .ubs_done:
1640  684D 01 AF 15         LD BC, FMADDR
1640  6850 AF             XOR A
1640  6851 ED 79          OUT (C), A
1641  6853 C9               RET
1642  6854
1643  6854              ; ================================================================
1644  6854              ; TRY SPAWN AND COUNT — обёртка вокруг SpawnChainBall, считает фактически
1645  6854              ; добавленных шаров (ChainLen после − ChainLen до). Saturate at 255.
1646  6854              ; ================================================================
1647  6854              TrySpawnAndCount:
1648  6854 3A 9E 85         LD A, (Chain0_SlotsLen)
1649  6857 F5               PUSH AF                                ; сохраняем prev на стек
1650  6858 CD 6B 68         CALL SpawnChainBall
1651  685B D1               POP DE                                 ; D = prev SlotsLen
1652  685C 3A 9E 85         LD A, (Chain0_SlotsLen)
1653  685F 92               SUB D
1654  6860 C8               RET Z
1655  6861 21 74 80         LD HL, BallsSpawned
1656  6864 86               ADD A, (HL)
1657  6865 30 02            JR NC, .tsc_save
1658  6867 3E FF            LD A, 255                              ; saturate
1659  6869              .tsc_save:
1660  6869 77               LD (HL), A
1661  686A C9               RET
1662  686B
1663  686B              ; ================================================================
1664  686B              ; SPAWN CHAIN BALL — добавить новый шар в tail (Slots[SlotsLen] = color).
1665  686B              ; Шар появится на t = (HSA - SlotsLen) * CELL_SIZE + HeadSub — может быть
1666  686B              ; отрицательным в начале; станет видимым по мере движения цепочки (HSA растёт).
1667  686B              ; ================================================================
1668  686B              ; Агрессивный спавн: спавним в цикле, пока есть место (= SlotsLen < MAX_SLOTS_PER_CHAIN)
1669  686B              ; и tail настроен (offset=0). Держит хвост прижатым к старту трека.
1670  686B              SpawnChainBall:
1671  686B              .scb_loop:
1672  686B                  ; Pending compaction (visible gap) — стоп.
1673  686B 3A 4B 80         LD A, (CompactTimer)
1674  686E B7               OR A
1675  686F C0               RET NZ
1676  6870
1677  6870 3A 9E 85         LD A, (Chain0_SlotsLen)
1678  6873 FE F0            CP MAX_SLOTS_PER_CHAIN
1679  6875 D0               RET NC                               ; full → стоп
1680  6876
1681  6876                  ; Stall-animation safety: спавн разрешён только если tail-шар (SlotsLen-1)
1682  6876                  ; имеет offset=0 (= не двигается).
1683  6876 B7               OR A
1684  6877 28 0B            JR Z, .scb_check_place               ; SlotsLen=0 → нет tail-шара, OK
1685  6879 3D               DEC A
1686  687A 26 00            LD H, 0
1686  687C 6F             LD L, A
1687  687D 11 DC 81         LD DE, Chain0_SlotOffsets
1688  6880 19               ADD HL, DE
1689  6881 7E               LD A, (HL)
1690  6882 B7               OR A
1691  6883 C0               RET NZ                               ; tail offset ≠ 0 → не спавн
1692  6884              .scb_check_place:
1693  6884
1694  6884                  ; Должно быть HeadSlotAbs >= SlotsLen (иначе tail за стартом трека).
1695  6884 3A 9C 85         LD A, (Chain0_HeadSlotAbs)
1696  6887 21 9E 85         LD HL, Chain0_SlotsLen
1697  688A BE               CP (HL)
1698  688B D8               RET C                                ; HeadSlotAbs < SlotsLen → нет места
1699  688C
1700  688C                  ; Slots[SlotsLen] = NextChainColor; SlotOffsets[SlotsLen] = 0
1701  688C 3A 9E 85         LD A, (Chain0_SlotsLen)
1702  688F 26 00            LD H, 0
1702  6891 6F             LD L, A
1703  6892 11 EC 80         LD DE, Chain0_Slots
1704  6895 19               ADD HL, DE                              ; HL = &Slots[SlotsLen]
1705  6896
1706  6896                  ; Anti-3-in-row spawn-guard
1707  6896 3A 76 80         LD A, (NextChainColor)
1708  6899 47               LD B, A                                 ; B = candidate
1709  689A 3A 9E 85         LD A, (Chain0_SlotsLen)
1710  689D FE 02            CP 2
1711  689F 38 17            JR C, .scb_no_avoid                     ; SlotsLen<2 → нечему совпадать
1712  68A1 E5               PUSH HL
1713  68A2 2B               DEC HL                                  ; &Slots[len-1]
1714  68A3 7E               LD A, (HL)
1715  68A4 2B               DEC HL                                  ; &Slots[len-2]
1716  68A5 BE               CP (HL)
1717  68A6 20 0F            JR NZ, .scb_avoid_done
1718  68A8 B8               CP B
1719  68A9 20 0C            JR NZ, .scb_avoid_done
1720  68AB 78               LD A, B
1721  68AC 3C               INC A
1722  68AD                  ; Compare against LevelNumColors (runtime), не compile-time NUM_BALL_COLORS=6.
1723  68AD                  ; Иначе на уровне с 4 цветами candidate+1 может стать 4 или 5 → юзер видит
1724  68AD                  ; цвета шаров за пределами LevelNumColors (= "5 colors на скриншоте").
1725  68AD E5               PUSH HL
1726  68AE 21 3F 80         LD HL, LevelNumColors
1727  68B1 BE               CP (HL)
1728  68B2 E1               POP HL
1729  68B3 38 01            JR C, .scb_avoid_store
1730  68B5 AF               XOR A
1731  68B6              .scb_avoid_store:
1732  68B6 47               LD B, A
1733  68B7              .scb_avoid_done:
1734  68B7 E1               POP HL
1735  68B8              .scb_no_avoid:
1736  68B8 78               LD A, B
1737  68B9 77               LD (HL), A
1738  68BA
1739  68BA                  ; SlotOffsets[SlotsLen] = SlotOffsets[SlotsLen-1] (или 0 если цепь пуста).
1740  68BA                  ; Шар появляется 32 px позади хвоста с тем же offset → синхронный decay phase,
1741  68BA                  ; ровный 32 px spacing, нет «дырок» между ним и хвостом.
1742  68BA 3A 9E 85         LD A, (Chain0_SlotsLen)
1743  68BD B7               OR A
1744  68BE 28 0B            JR Z, .scb_off_zero
1745  68C0 3D               DEC A
1746  68C1 26 00            LD H, 0
1746  68C3 6F             LD L, A
1747  68C4 11 DC 81         LD DE, Chain0_SlotOffsets
1748  68C7 19               ADD HL, DE
1749  68C8 7E               LD A, (HL)                               ; A = SlotOffsets[SlotsLen-1]
1750  68C9 18 01            JR .scb_off_set
1751  68CB              .scb_off_zero:
1752  68CB AF               XOR A
1753  68CC              .scb_off_set:
1754  68CC 4F               LD C, A                                  ; C = new_offset
1755  68CD 3A 9E 85         LD A, (Chain0_SlotsLen)
1756  68D0 26 00            LD H, 0
1756  68D2 6F             LD L, A
1757  68D3 11 DC 81         LD DE, Chain0_SlotOffsets
1758  68D6 19               ADD HL, DE
1759  68D7 71               LD (HL), C
1760  68D8
1761  68D8                  ; Обнулить Shot2/ExplodingFrame/ExplodingMarker для нового tail-слота.
1762  68D8                  ; Иначе stale значение от прошлой жизни этого слота (после shift'ов cascade close)
1763  68D8                  ; вызывает ложный match-3 / преждевременную финализацию свежеспавненного шара,
1764  68D8                  ; даже если игрок не стрелял.
1765  68D8 3A 9E 85         LD A, (Chain0_SlotsLen)
1766  68DB 26 00            LD H, 0
1766  68DD 6F             LD L, A
1767  68DE 11 CC 82         LD DE, Chain0_Shot2
1768  68E1 19               ADD HL, DE
1769  68E2 36 00            LD (HL), 0
1770  68E4 3A 9E 85         LD A, (Chain0_SlotsLen)
1771  68E7 26 00            LD H, 0
1771  68E9 6F             LD L, A
1772  68EA 11 BC 83         LD DE, Chain0_ExplodingFrame
1773  68ED 19               ADD HL, DE
1774  68EE 36 00            LD (HL), 0
1775  68F0 3A 9E 85         LD A, (Chain0_SlotsLen)
1776  68F3 26 00            LD H, 0
1776  68F5 6F             LD L, A
1777  68F6 11 AC 84         LD DE, Chain0_ExplodingMarker
1778  68F9 19               ADD HL, DE
1779  68FA 36 00            LD (HL), 0
1780  68FC
1781  68FC CD 3B 69         CALL RandomChainColor
1782  68FF 32 76 80         LD (NextChainColor), A
1783  6902 3A 9E 85         LD A, (Chain0_SlotsLen)
1784  6905 3C               INC A
1785  6906 32 9E 85         LD (Chain0_SlotsLen), A
1786  6909 C3 6B 68         JP .scb_loop
1787  690C
1788  690C              ; ================================================================
1789  690C              ; LFSR16 — Galois 16-битный, polynomial $D008. Период 65535.
1790  690C              ; Вход: HL = текущий seed (≠0). Выход: HL = новый seed.
1791  690C              ; ================================================================
1792  690C              LFSR16:
1793  690C CB 3C            SRL H
1794  690E CB 1D            RR L
1795  6910 D0               RET NC
1796  6911 7C               LD A, H
1796  6912 EE D0          XOR $D0
1796  6914 67             LD H, A
1797  6915 7D               LD A, L
1797  6916 EE 08          XOR $08
1797  6918 6F             LD L, A
1798  6919 C9               RET
1799  691A
1800  691A              ; ================================================================
1801  691A              ; READ RTC SECONDS — читает регистр 0 GLUK CMOS RTC, возвращает binary 0..59.
1802  691A              ; Порты #DFF7 (адрес) / #BFF7 (данные). Регистр 0 = секунды (BCD).
1803  691A              ; ================================================================
1804  691A              ReadRTCSeconds:
1805  691A 01 F7 DF         LD BC, #DFF7
1806  691D AF               XOR A
1807  691E ED 79            OUT (C), A                            ; reg 0 = seconds
1808  6920 01 F7 BF         LD BC, #BFF7
1809  6923 ED 78            IN A, (C)                             ; A = BCD seconds
1810  6925 47               LD B, A
1811  6926 E6 0F            AND $0F                               ; low nibble
1812  6928 4F               LD C, A
1813  6929 78               LD A, B
1814  692A E6 F0            AND $F0
1815  692C CB 3F            SRL A
1815  692E CB 3F          SRL A
1815  6930 CB 3F          SRL A
1815  6932 CB 3F          SRL A         ; high nibble (0..5)
1816  6934 47               LD B, A
1817  6935                  ; A = high*10 + low
1818  6935 87               ADD A, A
1818  6936 87             ADD A, A
1818  6937 80             ADD A, B        ; *5
1819  6938 87               ADD A, A                              ; *10
1820  6939 81               ADD A, C                              ; +low
1821  693A C9               RET
1822  693B
1823  693B              ; ================================================================
1824  693B              ; RANDOM CHAIN COLOR — LFSR без RTC. На ПЕРВОМ вызове seed scrambled
1825  693B              ; через умножение low_byte(seed) на RTC секунды → разные стартовые
1826  693B              ; последовательности per launch. Subsequent calls — чистый LFSR.
1827  693B              ; Возвращает A в 0..5.
1828  693B              ; ================================================================
1829  693B              RandomChainColor:
1830  693B 3A 45 80         LD A, (ChainColorFirst)
1831  693E B7               OR A
1832  693F 28 29            JR Z, .rcc_normal
1833  6941                  ; Первый вызов: scramble seed RTC секундами
1834  6941 AF               XOR A
1835  6942 32 45 80         LD (ChainColorFirst), A
1836  6945 CD 1A 69         CALL ReadRTCSeconds
1837  6948 B7               OR A
1838  6949 20 02            JR NZ, .rcc_have_sec
1839  694B 3E 01            LD A, 1                               ; защита от *0
1840  694D              .rcc_have_sec:
1841  694D 2A 43 80         LD HL, (ChainColorSeed)
1842  6950 57               LD D, A                               ; D = RTC sec
1843  6951 5F               LD E, A                               ; multiplier as DE
1844  6952 7D               LD A, L                               ; A = low seed byte
1845  6953 21 00 00         LD HL, 0
1846  6956 06 08            LD B, 8
1847  6958              .rcc_mul_seed:
1848  6958 29               ADD HL, HL
1849  6959 CB 27            SLA A
1850  695B 30 01            JR NC, .rcc_no_add
1851  695D 19               ADD HL, DE
1852  695E              .rcc_no_add:
1853  695E 10 F8            DJNZ .rcc_mul_seed
1854  6960                  ; HL = low_seed * RTC_sec. Гарантируем не-ноль.
1855  6960 7C               LD A, H
1855  6961 B5             OR L
1856  6962 20 03            JR NZ, .rcc_seed_ok
1857  6964 21 34 12         LD HL, $1234
1858  6967              .rcc_seed_ok:
1859  6967 22 43 80         LD (ChainColorSeed), HL
1860  696A              .rcc_normal:
1861  696A 2A 43 80         LD HL, (ChainColorSeed)
1862  696D CD 0C 69         CALL LFSR16
1863  6970 22 43 80         LD (ChainColorSeed), HL
1864  6973                  ; mod LevelNumColors: 8x8 multiply A * E → HL, high byte = result.
1865  6973 7D               LD A, L                               ; A = random low byte
1866  6974 21 3F 80         LD HL, LevelNumColors
1867  6977 5E               LD E, (HL)
1868  6978 16 00            LD D, 0
1869  697A 21 00 00         LD HL, 0
1870  697D 06 08            LD B, 8
1871  697F              .rcc_mul_n:
1872  697F 29               ADD HL, HL
1873  6980 CB 27            SLA A
1874  6982 30 01            JR NC, .rcc_mul_skip
1875  6984 19               ADD HL, DE
1876  6985              .rcc_mul_skip:
1877  6985 10 F8            DJNZ .rcc_mul_n
1878  6987 7C               LD A, H
1879  6988 C9               RET
1880  6989
1881  6989              ; ================================================================
1882  6989              ; COLOR BIT — для color N в 0..7 возвращает (1 << N).
1883  6989              ; Через таблицу, чтобы не клобберить BC. Clobbers HL/DE/A только.
1884  6989              ; ================================================================
1885  6989 01 02 04 08  ColorBitTable: DB 1, 2, 4, 8, 16, 32, 64, 128
1885  698D 10 20 40 80
1886  6991              ColorBit:
1887  6991 21 89 69         LD HL, ColorBitTable
1888  6994 16 00            LD D, 0
1889  6996 5F               LD E, A
1890  6997 19               ADD HL, DE
1891  6998 7E               LD A, (HL)
1892  6999 C9               RET
1893  699A
1894  699A              ; ================================================================
1895  699A              ; BUILD COLOR MASK — 6-бит маска цветов, присутствующих в цепочке.
1896  699A              ; Bit N = 1 если цвет N встречается в ChainColors[0..ChainLen-1].
1897  699A              ; Out: A = mask. Preserves BC, DE, HL.
1898  699A              ; ================================================================
1899  699A              BuildColorMask:
1900  699A C5               PUSH BC
1901  699B D5               PUSH DE
1902  699C E5               PUSH HL
1903  699D AF               XOR A
1904  699E 32 59 80         LD (TmpColorMask), A
1905  69A1 3A 9E 85         LD A, (Chain0_SlotsLen)
1906  69A4 B7               OR A
1907  69A5 28 18            JR Z, .bcm_done
1908  69A7 47               LD B, A
1909  69A8 21 EC 80         LD HL, Chain0_Slots
1910  69AB              .bcm_loop:
1911  69AB 7E               LD A, (HL)
1912  69AC FE 06            CP 6
1913  69AE 30 0C            JR NC, .bcm_skip                       ; цвет >=6 (включая GAP_STOP=#FE / GAP_CASCADE=#FD) → пропустить
1914  69B0 C5               PUSH BC
1915  69B1 E5               PUSH HL
1916  69B2 CD 91 69         CALL ColorBit
1917  69B5 21 59 80         LD HL, TmpColorMask
1918  69B8 B6               OR (HL)
1919  69B9 77               LD (HL), A
1920  69BA E1               POP HL
1921  69BB C1               POP BC
1922  69BC              .bcm_skip:
1923  69BC 23               INC HL
1924  69BD 10 EC            DJNZ .bcm_loop
1925  69BF              .bcm_done:
1926  69BF 3A 59 80         LD A, (TmpColorMask)
1927  69C2 E1               POP HL
1928  69C3 D1               POP DE
1929  69C4 C1               POP BC
1930  69C5 C9               RET
1931  69C6
1932  69C6              ; ================================================================
1933  69C6              ; RANDOM BALL COLOR — LFSR умноженный на RTC секунды + XOR FrogAngle,
1934  69C6              ; mod 6. После — фильтр через BuildColorMask: если выпавший цвет
1935  69C6              ; отсутствует в цепочке, циклически перебираем mod 6 до попадания.
1936  69C6              ; Возвращает A в 0..5.
1937  69C6              ; ================================================================
1938  69C6              RandomBallColor:
1939  69C6                  ; Подмешиваем FrogAngle в seed (XOR в low byte) — каждое нажатие игрока
1940  69C6                  ; задаёт уникальный угол → дополнительный источник энтропии.
1941  69C6 2A 41 80         LD HL, (BallColorSeed)
1942  69C9 3A 3E 80         LD A, (FrogAngle)
1943  69CC AD               XOR L
1944  69CD 6F               LD L, A
1945  69CE CD 0C 69         CALL LFSR16
1946  69D1 22 41 80         LD (BallColorSeed), HL
1947  69D4 7D               LD A, L
1948  69D5 57               LD D, A                               ; D = LFSR low byte
1949  69D6
1950  69D6 CD 1A 69         CALL ReadRTCSeconds
1951  69D9 B7               OR A
1952  69DA 20 02            JR NZ, .rbc_have_sec
1953  69DC 3E 01            LD A, 1                               ; защита от *0
1954  69DE              .rbc_have_sec:
1955  69DE 5F               LD E, A                               ; E = seconds (1..59)
1956  69DF
1957  69DF                  ; HL = D * E (8x8 → 16). Старший байт игнорим, низкий идёт в mod 6.
1958  69DF 7A               LD A, D
1959  69E0 21 00 00         LD HL, 0
1960  69E3 06 08            LD B, 8
1961  69E5              .rbc_mul:
1962  69E5 29               ADD HL, HL
1963  69E6 CB 27            SLA A
1964  69E8 30 01            JR NC, .rbc_no_add
1965  69EA 19               ADD HL, DE
1966  69EB              .rbc_no_add:
1967  69EB 10 F8            DJNZ .rbc_mul
1968  69ED
1969  69ED                  ; mod LevelNumColors: high(L * LevelNumColors). 8x8 multiply, A * E → HL.
1970  69ED 7D               LD A, L                               ; A = random low byte
1971  69EE 21 3F 80         LD HL, LevelNumColors
1972  69F1 5E               LD E, (HL)
1973  69F2 16 00            LD D, 0
1974  69F4 21 00 00         LD HL, 0
1975  69F7 06 08            LD B, 8
1976  69F9              .rbc_mul_n:
1977  69F9 29               ADD HL, HL
1978  69FA CB 27            SLA A
1979  69FC 30 01            JR NC, .rbc_mul_skip
1980  69FE 19               ADD HL, DE
1981  69FF              .rbc_mul_skip:
1982  69FF 10 F8            DJNZ .rbc_mul_n
1983  6A01 7C               LD A, H                               ; A = candidate 0..LevelNumColors-1
1984  6A02
1985  6A02                  ; --- фильтр по цветам цепочки ---
1986  6A02 47               LD B, A                               ; B = candidate
1987  6A03 CD 9A 69         CALL BuildColorMask                   ; A = mask, BC сохранён
1988  6A06 B7               OR A
1989  6A07 28 18            JR Z, .rbc_done                       ; цепочка пуста → возврат как есть
1990  6A09 4F               LD C, A                               ; C = mask
1991  6A0A 3A 3F 80         LD A, (LevelNumColors)
1992  6A0D 57               LD D, A                               ; max попыток = LevelNumColors
1993  6A0E              .rbc_filter:
1994  6A0E 78               LD A, B
1995  6A0F CD 91 69         CALL ColorBit
1996  6A12 A1               AND C
1997  6A13 20 0C            JR NZ, .rbc_done                      ; bit B set → цвет валиден
1998  6A15 04               INC B
1999  6A16 3A 3F 80         LD A, (LevelNumColors)
2000  6A19 B8               CP B
2001  6A1A 20 02            JR NZ, .rbc_no_wrap
2002  6A1C 06 00            LD B, 0
2003  6A1E              .rbc_no_wrap:
2004  6A1E 15               DEC D
2005  6A1F 20 ED            JR NZ, .rbc_filter
2006  6A21              .rbc_done:
2007  6A21 78               LD A, B
2008  6A22 C9               RET
2009  6A23
2010  6A23              ; ================================================================
2011  6A23              ; INSERT CHAIN BALL — вставка нового шара в Slots[TmpInsertIdx] с цветом
2012  6A23              ; TmpInsertColor. shift_right(Slots[idx..len-1]); Slots[idx]=color;
2013  6A23              ; SlotOffsets[idx]=0; SlotsLen += 1; HSA += 1 (head-half шары визуально сдвигаются
2014  6A23              ; на +CELL_SIZE вперёд по треку).
2015  6A23              ; BUG: при SlotsLen >= MAX_SLOTS_PER_CHAIN drop'ает tail (DEC SlotsLen),
2016  6A23              ;      это видно user'у как «ролл-бэк хвоста на 1 шарик» при выстрелах в полную
2017  6A23              ;      цепочку. См. project_zuma_full_chain_drop_tail_bug.
2018  6A23              ; ================================================================
2019  6A23              InsertChainBall:
2020  6A23                  ; VDC head-forward модель (Python-эквивалент):
2021  6A23                  ; 1. Compute new_offset = midpoint между head_neighbor и tail_neighbor.
2022  6A23                  ; 2. Shift Slots/SlotOffsets/Shot2 [idx..end] вправо на 1.
2023  6A23                  ; 3. Set Slots[idx]=color, SlotOffsets[idx]=new_offset, Shot2[idx]=1.
2024  6A23                  ; 4. SlotsLen += 1.
2025  6A23                  ; 5. HSA += 1 (с cap по track-end).
2026  6A23                  ; 6. SlotOffsets[0..idx-1] -= CELL_SIZE с cap'ом -CELL_SIZE (head компенсация).
2027  6A23                  ; 7. ChainFreezeCounter = CELL_SIZE.
2028  6A23
2029  6A23 3A 9E 85         LD A, (Chain0_SlotsLen)
2030  6A26 FE F0            CP MAX_SLOTS_PER_CHAIN
2031  6A28 38 04            JR C, .icb_not_full
2032  6A2A 3D               DEC A                                ; drop tail
2033  6A2B 32 9E 85         LD (Chain0_SlotsLen), A
2034  6A2E              .icb_not_full:
2035  6A2E
2036  6A2E                  ; --- Compute new_offset = -CELL_SIZE/2 + (head_off + tail_off) / 2 (signed) ---
2037  6A2E                  ; head_off: SlotOffsets[idx-1] если idx>0, иначе SlotOffsets[idx].
2038  6A2E                  ; tail_off: SlotOffsets[idx] если idx<SlotsLen, иначе SlotOffsets[idx-1].
2039  6A2E 3A 7F 80         LD A, (TmpInsertIdx)
2040  6A31 B7               OR A
2041  6A32 28 0B            JR Z, .icb_head_off_zero
2042  6A34 3D               DEC A
2043  6A35 26 00            LD H, 0
2043  6A37 6F             LD L, A
2044  6A38 11 DC 81         LD DE, Chain0_SlotOffsets
2045  6A3B 19               ADD HL, DE
2046  6A3C 7E               LD A, (HL)                            ; A = SlotOffsets[idx-1]
2047  6A3D 18 17            JR .icb_head_off_done
2048  6A3F              .icb_head_off_zero:
2049  6A3F 3A 7F 80         LD A, (TmpInsertIdx)
2050  6A42 21 9E 85         LD HL, Chain0_SlotsLen
2051  6A45 BE               CP (HL)
2052  6A46 30 0D            JR NC, .icb_head_off_zero_set         ; idx == SlotsLen → empty chain
2053  6A48 3A 7F 80         LD A, (TmpInsertIdx)
2054  6A4B 26 00            LD H, 0
2054  6A4D 6F             LD L, A
2055  6A4E 11 DC 81         LD DE, Chain0_SlotOffsets
2056  6A51 19               ADD HL, DE
2057  6A52 7E               LD A, (HL)
2058  6A53 18 01            JR .icb_head_off_done
2059  6A55              .icb_head_off_zero_set:
2060  6A55 AF               XOR A
2061  6A56              .icb_head_off_done:
2062  6A56 47               LD B, A                               ; B = head_off (signed)
2063  6A57
2064  6A57                  ; tail_off
2065  6A57 3A 7F 80         LD A, (TmpInsertIdx)
2066  6A5A 21 9E 85         LD HL, Chain0_SlotsLen
2067  6A5D BE               CP (HL)
2068  6A5E 30 0D            JR NC, .icb_tail_off_use_idxm1        ; idx >= SlotsLen
2069  6A60 3A 7F 80         LD A, (TmpInsertIdx)
2070  6A63 26 00            LD H, 0
2070  6A65 6F             LD L, A
2071  6A66 11 DC 81         LD DE, Chain0_SlotOffsets
2072  6A69 19               ADD HL, DE
2073  6A6A 7E               LD A, (HL)                            ; tail_off = SlotOffsets[idx]
2074  6A6B 18 12            JR .icb_tail_off_done
2075  6A6D              .icb_tail_off_use_idxm1:
2076  6A6D 3A 7F 80         LD A, (TmpInsertIdx)
2077  6A70 B7               OR A
2078  6A71 28 0B            JR Z, .icb_tail_off_zero
2079  6A73 3D               DEC A
2080  6A74 26 00            LD H, 0
2080  6A76 6F             LD L, A
2081  6A77 11 DC 81         LD DE, Chain0_SlotOffsets
2082  6A7A 19               ADD HL, DE
2083  6A7B 7E               LD A, (HL)
2084  6A7C 18 01            JR .icb_tail_off_done
2085  6A7E              .icb_tail_off_zero:
2086  6A7E AF               XOR A
2087  6A7F              .icb_tail_off_done:
2088  6A7F                  ; (head_off + tail_off) / 2 — signed avg, sign-extend before add.
2089  6A7F                  ; A = tail_off, B = head_off. Compute (B+A)/2 with arithmetic shift.
2090  6A7F 4F               LD C, A                               ; C = tail_off
2091  6A80 78               LD A, B                               ; A = head_off
2092  6A81 26 00            LD H, 0
2093  6A83 CB 7F            BIT 7, A
2094  6A85 28 01            JR Z, .icb_avg_h_pos
2095  6A87 25               DEC H                                 ; H = $FF (sign extend)
2096  6A88              .icb_avg_h_pos:
2097  6A88 6F               LD L, A                               ; HL = head_off (signed 16)
2098  6A89 79               LD A, C
2099  6A8A 16 00            LD D, 0
2100  6A8C CB 7F            BIT 7, A
2101  6A8E 28 01            JR Z, .icb_avg_d_pos
2102  6A90 15               DEC D                                 ; D = $FF
2103  6A91              .icb_avg_d_pos:
2104  6A91 5F               LD E, A                               ; DE = tail_off (signed 16)
2105  6A92 19               ADD HL, DE                            ; HL = head_off + tail_off
2106  6A93 CB 2C            SRA H
2106  6A95 CB 1D          RR L                          ; HL >>= 1 (arithmetic, signed)
2107  6A97                  ; new_offset = -CELL_SIZE/2 + HL.low. HL уже -16..16 для нормальных offsets.
2108  6A97 7D               LD A, L
2109  6A98 D6 10            SUB CELL_SIZE / 2                     ; A -= 16
2110  6A9A 32 96 80         LD (TmpNewOffset), A                  ; временно сохраним
2111  6A9D
2112  6A9D                  ; --- Shift Slots/Offsets/Shot2 [idx..end] right by 1 ---
2113  6A9D 3A 9E 85         LD A, (Chain0_SlotsLen)
2114  6AA0 21 7F 80         LD HL, TmpInsertIdx
2115  6AA3 96               SUB (HL)
2116  6AA4 28 5B            JR Z, .icb_no_shift
2117  6AA6 4F               LD C, A
2117  6AA7 06 00          LD B, 0
2118  6AA9 C5               PUSH BC
2119  6AAA
2120  6AAA                  ; shift_right Slots[idx..end]
2121  6AAA 3A 9E 85         LD A, (Chain0_SlotsLen)
2122  6AAD 3D               DEC A
2123  6AAE 26 00            LD H, 0
2123  6AB0 6F             LD L, A
2124  6AB1 11 EC 80         LD DE, Chain0_Slots
2125  6AB4 19               ADD HL, DE                            ; HL = &Slots[SlotsLen-1]
2126  6AB5 54               LD D, H
2126  6AB6 5D             LD E, L
2127  6AB7 13               INC DE
2128  6AB8 ED B8            LDDR
2129  6ABA
2130  6ABA                  ; shift_right SlotOffsets
2131  6ABA C1               POP BC
2131  6ABB C5             PUSH BC
2132  6ABC 3A 9E 85         LD A, (Chain0_SlotsLen)
2133  6ABF 3D               DEC A
2134  6AC0 26 00            LD H, 0
2134  6AC2 6F             LD L, A
2135  6AC3 11 DC 81         LD DE, Chain0_SlotOffsets
2136  6AC6 19               ADD HL, DE
2137  6AC7 54               LD D, H
2137  6AC8 5D             LD E, L
2138  6AC9 13               INC DE
2139  6ACA ED B8            LDDR
2140  6ACC
2141  6ACC                  ; shift_right Shot2 (был баг — раньше не сдвигался)
2142  6ACC C1               POP BC
2142  6ACD C5             PUSH BC
2143  6ACE 3A 9E 85         LD A, (Chain0_SlotsLen)
2144  6AD1 3D               DEC A
2145  6AD2 26 00            LD H, 0
2145  6AD4 6F             LD L, A
2146  6AD5 11 CC 82         LD DE, Chain0_Shot2
2147  6AD8 19               ADD HL, DE
2148  6AD9 54               LD D, H
2148  6ADA 5D             LD E, L
2149  6ADB 13               INC DE
2150  6ADC ED B8            LDDR
2151  6ADE
2152  6ADE                  ; shift_right ExplodingFrame — иначе финализация после EXPLOSION_FRAMES
2153  6ADE                  ; пишет GAP в неправильный slot и удаляет non-exploding шар по соседству.
2154  6ADE C1               POP BC
2154  6ADF C5             PUSH BC
2155  6AE0 3A 9E 85         LD A, (Chain0_SlotsLen)
2156  6AE3 3D               DEC A
2157  6AE4 26 00            LD H, 0
2157  6AE6 6F             LD L, A
2158  6AE7 11 BC 83         LD DE, Chain0_ExplodingFrame
2159  6AEA 19               ADD HL, DE
2160  6AEB 54               LD D, H
2160  6AEC 5D             LD E, L
2161  6AED 13               INC DE
2162  6AEE ED B8            LDDR
2163  6AF0
2164  6AF0                  ; shift_right ExplodingMarker (парный с ExplodingFrame)
2165  6AF0 C1               POP BC
2166  6AF1 3A 9E 85         LD A, (Chain0_SlotsLen)
2167  6AF4 3D               DEC A
2168  6AF5 26 00            LD H, 0
2168  6AF7 6F             LD L, A
2169  6AF8 11 AC 84         LD DE, Chain0_ExplodingMarker
2170  6AFB 19               ADD HL, DE
2171  6AFC 54               LD D, H
2171  6AFD 5D             LD E, L
2172  6AFE 13               INC DE
2173  6AFF ED B8            LDDR
2174  6B01
2175  6B01              .icb_no_shift:
2176  6B01                  ; Slots[idx] = color, SlotOffsets[idx] = new_offset, Shot2[idx] = 1
2177  6B01 3A 7F 80         LD A, (TmpInsertIdx)
2178  6B04 26 00            LD H, 0
2178  6B06 6F             LD L, A
2179  6B07 11 EC 80         LD DE, Chain0_Slots
2180  6B0A 19               ADD HL, DE
2181  6B0B 3A 97 80         LD A, (TmpInsertColor)
2182  6B0E 77               LD (HL), A
2183  6B0F
2184  6B0F 3A 7F 80         LD A, (TmpInsertIdx)
2185  6B12 26 00            LD H, 0
2185  6B14 6F             LD L, A
2186  6B15 11 DC 81         LD DE, Chain0_SlotOffsets
2187  6B18 19               ADD HL, DE
2188  6B19 3A 96 80         LD A, (TmpNewOffset)
2189  6B1C 77               LD (HL), A
2190  6B1D
2191  6B1D 3A 7F 80         LD A, (TmpInsertIdx)
2192  6B20 26 00            LD H, 0
2192  6B22 6F             LD L, A
2193  6B23 11 CC 82         LD DE, Chain0_Shot2
2194  6B26 19               ADD HL, DE
2195  6B27 36 01            LD (HL), 1
2196  6B29
2197  6B29                  ; Новый шар не exploding — обнуляем ExplodingFrame[idx] и ExplodingMarker[idx]
2198  6B29                  ; (после shift_right на этом месте может оказаться унаследованный мусор от старого slot[idx-1]).
2199  6B29 3A 7F 80         LD A, (TmpInsertIdx)
2200  6B2C 26 00            LD H, 0
2200  6B2E 6F             LD L, A
2201  6B2F 11 BC 83         LD DE, Chain0_ExplodingFrame
2202  6B32 19               ADD HL, DE
2203  6B33 36 00            LD (HL), 0
2204  6B35 3A 7F 80         LD A, (TmpInsertIdx)
2205  6B38 26 00            LD H, 0
2205  6B3A 6F             LD L, A
2206  6B3B 11 AC 84         LD DE, Chain0_ExplodingMarker
2207  6B3E 19               ADD HL, DE
2208  6B3F 36 00            LD (HL), 0
2209  6B41
2210  6B41                  ; SlotsLen += 1
2211  6B41 3A 9E 85         LD A, (Chain0_SlotsLen)
2212  6B44 3C               INC A
2213  6B45 32 9E 85         LD (Chain0_SlotsLen), A
2214  6B48
2215  6B48                  ; HSA += 1 с cap по track-end (chain продвинулся на 1 cell к killzone)
2216  6B48 3A 9C 85         LD A, (Chain0_HeadSlotAbs)
2217  6B4B FE 5A            CP TRACK_NUM_SLOTS - 1
2218  6B4D 30 04            JR NC, .icb_no_hsa_inc
2219  6B4F 3C               INC A
2220  6B50 32 9C 85         LD (Chain0_HeadSlotAbs), A
2221  6B53              .icb_no_hsa_inc:
2222  6B53
2223  6B53                  ; Head компенсация: SlotOffsets[0..idx-1] = max(off - CELL_SIZE, -CELL_SIZE).
2224  6B53                  ; Equivalent: if A_orig >= 0 → A_orig - CELL_SIZE; else → -CELL_SIZE.
2225  6B53 3A 7F 80         LD A, (TmpInsertIdx)
2226  6B56 B7               OR A
2227  6B57 28 13            JR Z, .icb_no_head_comp
2228  6B59 47               LD B, A
2229  6B5A 21 DC 81         LD HL, Chain0_SlotOffsets
2230  6B5D              .icb_head_comp_loop:
2231  6B5D 7E               LD A, (HL)
2232  6B5E B7               OR A
2233  6B5F FA 66 6B         JP M, .icb_head_comp_cap               ; A_orig < 0 → cap to -CELL_SIZE
2234  6B62 D6 20            SUB CELL_SIZE                          ; A_orig >= 0 → subtract CELL_SIZE
2235  6B64 18 02            JR .icb_head_comp_store
2236  6B66              .icb_head_comp_cap:
2237  6B66 3E E0            LD A, -CELL_SIZE                       ; cap at -32 = $E0
2238  6B68              .icb_head_comp_store:
2239  6B68 77               LD (HL), A
2240  6B69 23               INC HL
2241  6B6A 10 F1            DJNZ .icb_head_comp_loop
2242  6B6C              .icb_no_head_comp:
2243  6B6C
2244  6B6C                  ; ChainFreezeCounter НЕ ставится при insert — юзер хочет чтобы хвост не
2245  6B6C                  ; останавливался, а голова ускоренно ушла вперёд (= освободила место).
2246  6B6C                  ; Без freeze: offsets[head-side] decay -CS→0 параллельно с natural hsub++ →
2247  6B6C                  ; head net advance 2 cells за CELL_SIZE кадров (вместо 1 cell с freeze).
2248  6B6C                  ; Tail (idx..end) после shift+HSA+1 остаётся на абсолютной позиции, spawn
2249  6B6C                  ; работает по таймеру независимо. Cascade-close в DoGapStep продолжает
2250  6B6C                  ; ставить freeze (визуальный rollback нужен при schлопывании цепи).
2251  6B6C C9               RET
2252  6B6D
2253  6B6D              ; ================================================================
2254  6B6D              ; CHECK MATCH-3 — после InsertChainBall ищет run одного цвета через точку
2255  6B6D              ; вставки TmpInsertIdx. Если count >= 3 → удалить run, **симметричный pull**:
2256  6B6D              ;   HeadT -= 10*count (= halfShift),
2257  6B6D              ;   head-half (idx 0..L-1): offset += halfShift  → шары сдвигаются назад,
2258  6B6D              ;   tail-half (new idx L..): offset = old_tail_offset - halfShift → подтягиваются вперёд.
2259  6B6D              ; Обе половинки покрывают одинаковое расстояние 10*count за одно и то же время.
2260  6B6D              ; Шаг между шарами на треке = 30, halfShift=10 даёт небольшой остаточный зазор,
2261  6B6D              ; который доезжает естественным MoveChain (визуально незаметно).
2262  6B6D              ; Без cascading combo (TODO).
2263  6B6D              ; Saturation: clamp count в 12 (halfShift в 120) → fits signed byte после ADD/SUB.
2264  6B6D              ; ================================================================
2265  6B6D              ; ================================================================
2266  6B6D              ; DETECT MATCH-3 ON SLOTS — window scan по Chain0_Slots[] вокруг TmpInsertIdx.
2267  6B6D              ; Идёт влево/вправо пока цвет совпадает И нет физического gap'а с соседом
2268  6B6D              ; (= Chain0_SlotOffsets[i-1] - Chain0_SlotOffsets[i] < 16, иначе разница >= 48 px).
2269  6B6D              ;
2270  6B6D              ; После полного перехода на slot-array delete (= set GAP_MARKER в Slots), gap
2271  6B6D              ; будет встроен в массив через GAP-cells, и offset-based gap check можно убрать
2272  6B6D              ; (TODO: scan просто остановится на GAP).
2273  6B6D              ;
2274  6B6D              ; Inputs: TmpInsertIdx, Chain0_Slots, Chain0_SlotOffsets, Chain0_SlotsLen.
2275  6B6D              ; Outputs: A=1 + TmpMatchLeft/Right/Count если run >= 3, иначе A=0.
2276  6B6D              ; ================================================================
2277  6B6D              DetectMatch3OnSlots:
2278  6B6D 3A 9E 85         LD A, (Chain0_SlotsLen)
2279  6B70 B7               OR A
2280  6B71 CA 41 6C         JP Z, .dm3_no
2281  6B74 3A 7F 80         LD A, (TmpInsertIdx)
2282  6B77 21 9E 85         LD HL, Chain0_SlotsLen
2283  6B7A BE               CP (HL)
2284  6B7B D2 41 6C         JP NC, .dm3_no                          ; idx >= len
2285  6B7E
2286  6B7E                  ; color = Slots[idx] (= цвет вставленного шара)
2287  6B7E 26 00            LD H, 0
2287  6B80 6F             LD L, A
2288  6B81 11 EC 80         LD DE, Chain0_Slots
2289  6B84 19               ADD HL, DE
2290  6B85 7E               LD A, (HL)
2291  6B86 FE 06            CP NUM_BALL_COLORS
2292  6B88 D2 41 6C         JP NC, .dm3_no                          ; >= NUM_BALL_COLORS = GAP-маркер → не валидный центр
2293  6B8B 32 9C 80         LD (TmpMatchColor), A
2294  6B8E                  ; Если slot уже exploding — не центр для нового match'а.
2295  6B8E 3A 7F 80         LD A, (TmpInsertIdx)
2296  6B91 26 00            LD H, 0
2296  6B93 6F             LD L, A
2297  6B94 11 BC 83         LD DE, Chain0_ExplodingFrame
2298  6B97 19               ADD HL, DE
2299  6B98 7E               LD A, (HL)
2300  6B99 B7               OR A
2301  6B9A C2 41 6C         JP NZ, .dm3_no
2302  6B9D
2303  6B9D                  ; --- Left scan: B = текущий index, спускаемся к 0 ---
2304  6B9D                  ; Условия продолжения: Slots[B-1] == color И |offset[B-1] - offset[B]| < DM3_OFFSET_GAP_MAX
2305  6B9D                  ; (= шары визуально коснулись).
2306  6B9D 3A 7F 80         LD A, (TmpInsertIdx)
2307  6BA0 47               LD B, A
2308  6BA1              .dm3_l:
2309  6BA1 78               LD A, B
2310  6BA2 B7               OR A
2311  6BA3 28 3C            JR Z, .dm3_l_done
2312  6BA5 3D               DEC A
2313  6BA6 26 00            LD H, 0
2313  6BA8 6F             LD L, A
2314  6BA9 11 EC 80         LD DE, Chain0_Slots
2315  6BAC 19               ADD HL, DE
2316  6BAD 7E               LD A, (HL)
2317  6BAE 21 9C 80         LD HL, TmpMatchColor
2318  6BB1 BE               CP (HL)
2319  6BB2 20 2D            JR NZ, .dm3_l_done
2320  6BB4
2321  6BB4                  ; Если сосед уже exploding — break (не расширять run на удаляющийся шар)
2322  6BB4 78               LD A, B
2323  6BB5 3D               DEC A
2324  6BB6 26 00            LD H, 0
2324  6BB8 6F             LD L, A
2325  6BB9 11 BC 83         LD DE, Chain0_ExplodingFrame
2326  6BBC 19               ADD HL, DE
2327  6BBD 7E               LD A, (HL)
2328  6BBE B7               OR A
2329  6BBF 20 20            JR NZ, .dm3_l_done
2330  6BC1
2331  6BC1                  ; offset gap check: -CELL_SIZE <= (offset[B-1] - offset[B]) < DM3_OFFSET_GAP_MAX.
2332  6BC1                  ; Ассимметричный диапазон: допускает overlap при insert (diff=-CELL_SIZE),
2333  6BC1                  ; блокирует cascade-gap (diff=+CELL_SIZE). Python-эквивалент: lb-extension check.
2334  6BC1 78               LD A, B
2335  6BC2 3D               DEC A
2336  6BC3 26 00            LD H, 0
2336  6BC5 6F             LD L, A
2337  6BC6 11 DC 81         LD DE, Chain0_SlotOffsets
2338  6BC9 19               ADD HL, DE
2339  6BCA 7E               LD A, (HL)
2340  6BCB 4F               LD C, A                                   ; C = offset[B-1]
2341  6BCC 78               LD A, B
2342  6BCD 26 00            LD H, 0
2342  6BCF 6F             LD L, A
2343  6BD0 11 DC 81         LD DE, Chain0_SlotOffsets
2344  6BD3 19               ADD HL, DE
2345  6BD4 7E               LD A, (HL)
2346  6BD5 91               SUB C                                     ; A = offset[B] - offset[B-1]
2347  6BD6 ED 44            NEG                                       ; A = offset[B-1] - offset[B] = d
2348  6BD8 C6 20            ADD A, CELL_SIZE                          ; A = d + CELL_SIZE
2349  6BDA FE 28            CP CELL_SIZE + DM3_OFFSET_GAP_MAX         ; unsigned compare: d+CS < CS+8 ?
2350  6BDC 30 03            JR NC, .dm3_l_done                        ; out of [-CS..GAP_MAX-1] → exit
2351  6BDE
2352  6BDE 05               DEC B
2353  6BDF 18 C0            JR .dm3_l
2354  6BE1              .dm3_l_done:
2355  6BE1 78               LD A, B
2356  6BE2 32 9D 80         LD (TmpMatchLeft), A
2357  6BE5
2358  6BE5                  ; --- Right scan: C = текущий index, поднимаемся ---
2359  6BE5 3A 7F 80         LD A, (TmpInsertIdx)
2360  6BE8 4F               LD C, A
2361  6BE9              .dm3_r:
2362  6BE9 79               LD A, C
2363  6BEA 3C               INC A
2364  6BEB 21 9E 85         LD HL, Chain0_SlotsLen
2365  6BEE BE               CP (HL)
2366  6BEF 30 3B            JR NC, .dm3_r_done
2367  6BF1 26 00            LD H, 0
2367  6BF3 6F             LD L, A
2368  6BF4 11 EC 80         LD DE, Chain0_Slots
2369  6BF7 19               ADD HL, DE
2370  6BF8 7E               LD A, (HL)
2371  6BF9 21 9C 80         LD HL, TmpMatchColor
2372  6BFC BE               CP (HL)
2373  6BFD 20 2D            JR NZ, .dm3_r_done
2374  6BFF
2375  6BFF                  ; Если сосед уже exploding — break.
2376  6BFF 79               LD A, C
2377  6C00 3C               INC A
2378  6C01 26 00            LD H, 0
2378  6C03 6F             LD L, A
2379  6C04 11 BC 83         LD DE, Chain0_ExplodingFrame
2380  6C07 19               ADD HL, DE
2381  6C08 7E               LD A, (HL)
2382  6C09 B7               OR A
2383  6C0A 20 20            JR NZ, .dm3_r_done
2384  6C0C
2385  6C0C                  ; offset gap check: -CELL_SIZE <= (offset[C] - offset[C+1]) < DM3_OFFSET_GAP_MAX.
2386  6C0C                  ; Python-эквивалент: rb-extension check (rb forward of rb+1).
2387  6C0C 79               LD A, C
2388  6C0D 26 00            LD H, 0
2388  6C0F 6F             LD L, A
2389  6C10 11 DC 81         LD DE, Chain0_SlotOffsets
2390  6C13 19               ADD HL, DE
2391  6C14 7E               LD A, (HL)
2392  6C15 47               LD B, A                                   ; B = offset[C]  (clobbers TmpMatchLeft cache)
2393  6C16 79               LD A, C
2394  6C17 3C               INC A
2395  6C18 26 00            LD H, 0
2395  6C1A 6F             LD L, A
2396  6C1B 11 DC 81         LD DE, Chain0_SlotOffsets
2397  6C1E 19               ADD HL, DE
2398  6C1F 7E               LD A, (HL)
2399  6C20 90               SUB B                                     ; A = offset[C+1] - offset[C]
2400  6C21 ED 44            NEG                                       ; A = offset[C] - offset[C+1] = d
2401  6C23 C6 20            ADD A, CELL_SIZE                          ; A = d + CELL_SIZE
2402  6C25 FE 28            CP CELL_SIZE + DM3_OFFSET_GAP_MAX
2403  6C27 30 03            JR NC, .dm3_r_done                        ; out of [-CS..GAP_MAX-1] → exit
2404  6C29
2405  6C29 0C               INC C
2406  6C2A 18 BD            JR .dm3_r
2407  6C2C              .dm3_r_done:
2408  6C2C 79               LD A, C
2409  6C2D 32 9E 80         LD (TmpMatchRight), A
2410  6C30
2411  6C30                  ; count = right - left + 1.  B был clobbered в right scan — перезагружаем из TmpMatchLeft.
2412  6C30 3A 9D 80         LD A, (TmpMatchLeft)
2413  6C33 47               LD B, A
2414  6C34 79               LD A, C
2415  6C35 90               SUB B
2416  6C36 3C               INC A
2417  6C37 FE 03            CP 3
2418  6C39 38 06            JR C, .dm3_no
2419  6C3B 32 9F 80         LD (TmpMatchCount), A
2420  6C3E 3E 01            LD A, 1
2421  6C40 C9               RET
2422  6C41              .dm3_no:
2423  6C41 AF               XOR A
2424  6C42 C9               RET
2425  6C43
2426  6C43              ; Returns: A=1 если был матч (run >=3 detected), A=0 иначе.
2427  6C43              ; Discrete model с отложенной compaction:
2428  6C43              ;   1. Detect run >=3 (DetectMatch3OnSlots → TmpMatchLeft/Right/Count)
2429  6C43              ;   2. Slots[lb..rb] = GAP, SlotOffsets[lb..rb] = 0 — gap visually visible
2430  6C43              ;   3. ChainStalled=1 (head стоит пока gap)
2431  6C43              ;   4. CompactTimer = COMPACT_DELAY_FRAMES → AnimateChain через N кадров triggers
2432  6C43              ;      CompactAndDetectMode (= shift_left + stop/cascade detect).
2433  6C43              ; TmpMatchLeft/Right/Count сохраняются для последующего compaction.
2434  6C43              CheckMatch3:
2435  6C43 CD 6D 6B         CALL DetectMatch3OnSlots
2436  6C46 B7               OR A
2437  6C47 CA F1 6C         JP Z, .m3_no_match
2438  6C4A
2439  6C4A                  ; Cascade detection ON THE FLY: Slots[lb-1] == Slots[rb+1] → GAP_CASCADE, иначе GAP_STOP.
2440  6C4A                  ; CASCADE только если ОБА соседа — реальные шары (не gap) одного цвета. Иначе
2441  6C4A                  ; два gap'а (например GAP_STOP с обеих сторон) сравниваются как равные → ложный CASCADE.
2442  6C4A 06 FE            LD B, GAP_STOP                           ; default
2443  6C4C 3A 9D 80         LD A, (TmpMatchLeft)
2444  6C4F B7               OR A
2445  6C50 28 30            JR Z, .m3_have_marker                    ; lb==0 → нет head-side соседа
2446  6C52 21 9E 85         LD HL, Chain0_SlotsLen
2447  6C55 3A 9E 80         LD A, (TmpMatchRight)
2448  6C58 3C               INC A
2449  6C59 BE               CP (HL)
2450  6C5A 30 26            JR NC, .m3_have_marker                   ; rb+1 >= SlotsLen → нет tail-side
2451  6C5C                  ; Загрузить C = Slots[lb-1], проверить что это не gap.
2452  6C5C 3A 9D 80         LD A, (TmpMatchLeft)
2453  6C5F 3D               DEC A
2454  6C60 26 00            LD H, 0
2454  6C62 6F             LD L, A
2455  6C63 11 EC 80         LD DE, Chain0_Slots
2456  6C66 19               ADD HL, DE
2457  6C67 4E               LD C, (HL)                               ; C = Slots[lb-1]
2458  6C68 79               LD A, C
2459  6C69 FE 06            CP NUM_BALL_COLORS
2460  6C6B 30 15            JR NC, .m3_have_marker                   ; lb-1 = gap → STOP
2461  6C6D                  ; Загрузить A = Slots[rb+1], проверить что это не gap.
2462  6C6D 3A 9E 80         LD A, (TmpMatchRight)
2463  6C70 3C               INC A
2464  6C71 26 00            LD H, 0
2464  6C73 6F             LD L, A
2465  6C74 11 EC 80         LD DE, Chain0_Slots
2466  6C77 19               ADD HL, DE
2467  6C78 7E               LD A, (HL)
2468  6C79 FE 06            CP NUM_BALL_COLORS
2469  6C7B 30 05            JR NC, .m3_have_marker                   ; rb+1 = gap → STOP
2470  6C7D B9               CP C
2471  6C7E 20 02            JR NZ, .m3_have_marker
2472  6C80 06 FD            LD B, GAP_CASCADE
2473  6C82              .m3_have_marker:
2474  6C82                  ; ExplodingFrame[lb..rb]=1, ExplodingMarker[lb..rb]=B (GAP_STOP/GAP_CASCADE).
2475  6C82                  ; Slots[i] остаются colors до финализации (AnimateChain через EXPLOSION_FRAMES кадров).
2476  6C82                  ; SlotOffsets очищены ниже.
2477  6C82 3A 9D 80         LD A, (TmpMatchLeft)
2478  6C85 26 00            LD H, 0
2478  6C87 6F             LD L, A
2479  6C88 11 BC 83         LD DE, Chain0_ExplodingFrame
2480  6C8B 19               ADD HL, DE
2481  6C8C 3A 9F 80         LD A, (TmpMatchCount)
2482  6C8F 4F               LD C, A
2483  6C90              .m3_set_explode_frames:
2484  6C90 36 01            LD (HL), 1
2485  6C92 23               INC HL
2486  6C93 0D               DEC C
2487  6C94 20 FA            JR NZ, .m3_set_explode_frames
2488  6C96
2489  6C96 3A 9D 80         LD A, (TmpMatchLeft)
2490  6C99 26 00            LD H, 0
2490  6C9B 6F             LD L, A
2491  6C9C 11 AC 84         LD DE, Chain0_ExplodingMarker
2492  6C9F 19               ADD HL, DE
2493  6CA0 3A 9F 80         LD A, (TmpMatchCount)
2494  6CA3 4F               LD C, A
2495  6CA4              .m3_set_explode_markers:
2496  6CA4 70               LD (HL), B
2497  6CA5 23               INC HL
2498  6CA6 0D               DEC C
2499  6CA7 20 FB            JR NZ, .m3_set_explode_markers
2500  6CA9
2501  6CA9 3A 9D 80         LD A, (TmpMatchLeft)
2502  6CAC 26 00            LD H, 0
2502  6CAE 6F             LD L, A
2503  6CAF 11 DC 81         LD DE, Chain0_SlotOffsets
2504  6CB2 19               ADD HL, DE
2505  6CB3 3A 9F 80         LD A, (TmpMatchCount)
2506  6CB6 47               LD B, A
2507  6CB7              .m3_set_gap_offs:
2508  6CB7 36 00            LD (HL), 0
2509  6CB9 23               INC HL
2510  6CBA 10 FB            DJNZ .m3_set_gap_offs
2511  6CBC
2512  6CBC                  ; --- Shot2-маркеры: на соседей GAP-блока (Slots[lb-1] и Slots[rb+1]) ---
2513  6CBC                  ; После закрытия GAP именно эти позиции — единственные где может произойти
2514  6CBC                  ; новый match-3 (cascade combo). Ложные match'и в середине цепочки исключены.
2515  6CBC 3A 9D 80         LD A, (TmpMatchLeft)
2516  6CBF B7               OR A
2517  6CC0 28 0A            JR Z, .m3_no_left_shot2                  ; lb=0 → нет соседа слева
2518  6CC2 3D               DEC A                                    ; A = lb-1
2519  6CC3 26 00            LD H, 0
2519  6CC5 6F             LD L, A
2520  6CC6 11 CC 82         LD DE, Chain0_Shot2
2521  6CC9 19               ADD HL, DE
2522  6CCA 36 01            LD (HL), 1
2523  6CCC              .m3_no_left_shot2:
2524  6CCC 3A 9E 80         LD A, (TmpMatchRight)
2525  6CCF 3C               INC A
2526  6CD0 21 9E 85         LD HL, Chain0_SlotsLen
2527  6CD3 BE               CP (HL)
2528  6CD4 30 09            JR NC, .m3_no_right_shot2                ; rb+1 >= SlotsLen → нет соседа справа
2529  6CD6 26 00            LD H, 0
2529  6CD8 6F             LD L, A                        ; A = rb+1
2530  6CD9 11 CC 82         LD DE, Chain0_Shot2
2531  6CDC 19               ADD HL, DE
2532  6CDD 36 01            LD (HL), 1
2533  6CDF              .m3_no_right_shot2:
2534  6CDF
2535  6CDF                  ; Head-side rollback push при match'е удалён — конфликтовал с cascade close
2536  6CDF                  ; offset +=CELL_SIZE компенсацией (давал +30 px instant visual jump).
2537  6CDF                  ; Rollback приходит ТОЛЬКО от cascade close (HSA-- + offset += CELL_SIZE
2538  6CDF                  ; → smooth slide за CELL_SIZE кадров).
2539  6CDF
2540  6CDF                  ; ChainStalled=1 пока в VDC есть GAP-cells. Очистится в AnimateChain когда последний
2541  6CDF                  ; GAP вышел через match-1 steps.
2542  6CDF 3E 01            LD A, 1
2543  6CE1 32 75 80         LD (ChainStalled), A
2544  6CE4                  ; Триггерим gap_step на ближайшем hsub=0 wrap'е — иначе случайная пауза 0..32 кадра
2545  6CE4                  ; между match'ем и началом анимации схлопывания.
2546  6CE4 3E 20            LD A, GAP_STEP_FRAMES
2547  6CE6 32 4C 80         LD (GapStepCounter), A
2548  6CE9                  ; chain_freeze на CELL_SIZE кадров — даёт визуальную паузу сразу при match-3
2549  6CE9                  ; (иначе шары мгновенно становятся невидимыми GAP-маркерами без feedback'а).
2550  6CE9 3E 20            LD A, CELL_SIZE
2551  6CEB 32 4D 80         LD (ChainFreezeCounter), A
2552  6CEE 3E 01            LD A, 1
2553  6CF0 C9               RET
2554  6CF1              .m3_no_match:
2555  6CF1 AF               XOR A
2556  6CF2 C9               RET
2557  6CF3
2558  6CF3              ; --- LEGACY block (CompactAndDetectMode + ScheduleCascade + ProcessCascade)
2559  6CF3              ;     удалён: заменено GAP-step в AnimateChain (см. DoGapStep, ScanForNewMatch).
2560  6CF3              ;     CompactAndDetectMode оставлен как no-op для бинарной совместимости.
2561  6CF3              CompactAndDetectMode:
2562  6CF3 C9               RET
2563  6CF4              ProcessCascade:
2564  6CF4 C9               RET
2565  6CF5              ScheduleCascade:
2566  6CF5 C9               RET
2567  6CF6              __legacy_unused_skip:
2568  6CF6
2569  6CF6              ; ================================================================
2570  6CF6              ; COMPUTE SLOT XY — для slot-индекса A возвращает центр шара (TrackData[t]).
2571  6CF6              ; Использует Chain0_HeadSlotAbs/HeadSub/SlotOffsets[]. t<0 → clamp к 0.
2572  6CF6              ; Out: TmpHemX/TmpHemY — 16-bit X,Y. Clobbers A,HL,DE,BC.
2573  6CF6              ; ================================================================
2574  6CF6              ComputeSlotXY:
2575  6CF6 32 8A 80         LD (TmpHemSlotIdx), A
2576  6CF9 3A 9C 85         LD A, (Chain0_HeadSlotAbs)
2577  6CFC 21 8A 80         LD HL, TmpHemSlotIdx
2578  6CFF 96               SUB (HL)
2579  6D00 30 01            JR NC, .csxy_hsa_ok
2580  6D02 AF               XOR A
2581  6D03              .csxy_hsa_ok:
2582  6D03 26 00            LD H, 0
2582  6D05 6F             LD L, A
2583  6D06 29               ADD HL, HL
2583  6D07 29             ADD HL, HL
2583  6D08 29             ADD HL, HL
2584  6D09 29               ADD HL, HL
2584  6D0A 29             ADD HL, HL                ; HL = (HSA-i)*32
2585  6D0B
2586  6D0B 3A 9D 85         LD A, (Chain0_HeadSub)
2587  6D0E 5F               LD E, A
2587  6D0F 16 00          LD D, 0
2588  6D11 19               ADD HL, DE                             ; + HeadSub
2589  6D12
2590  6D12 E5               PUSH HL
2591  6D13 3A 8A 80         LD A, (TmpHemSlotIdx)
2592  6D16 26 00            LD H, 0
2592  6D18 6F             LD L, A
2593  6D19 11 DC 81         LD DE, Chain0_SlotOffsets
2594  6D1C 19               ADD HL, DE
2595  6D1D 7E               LD A, (HL)
2596  6D1E 5F               LD E, A
2596  6D1F 16 00          LD D, 0
2597  6D21 CB 7F            BIT 7, A
2598  6D23 28 01            JR Z, .csxy_off_pos
2599  6D25 15               DEC D
2600  6D26              .csxy_off_pos:
2601  6D26 E1               POP HL
2602  6D27 19               ADD HL, DE                             ; HL = t (signed)
2603  6D28 CB 7C            BIT 7, H
2604  6D2A 28 03            JR Z, .csxy_t_pos
2605  6D2C 21 00 00         LD HL, 0
2606  6D2F              .csxy_t_pos:
2607  6D2F E5               PUSH HL
2608  6D30 11 6E 0B         LD DE, TRACK_NUM_POINTS
2609  6D33 A7               AND A
2610  6D34 ED 52            SBC HL, DE
2611  6D36 E1               POP HL
2612  6D37 38 03            JR C, .csxy_t_in
2613  6D39 21 6D 0B         LD HL, TRACK_NUM_POINTS - 1
2614  6D3C              .csxy_t_in:
2615  6D3C 29               ADD HL, HL
2615  6D3D 29             ADD HL, HL                ; *4 (TrackData stride)
2616  6D3E 11 9C 96         LD DE, TrackData
2617  6D41 19               ADD HL, DE
2618  6D42 5E               LD E, (HL)
2618  6D43 23             INC HL
2619  6D44 56               LD D, (HL)
2619  6D45 23             INC HL
2620  6D46 ED 53 8B 80      LD (TmpHemX), DE
2621  6D4A 5E               LD E, (HL)
2621  6D4B 23             INC HL
2622  6D4C 56               LD D, (HL)
2623  6D4D ED 53 8D 80      LD (TmpHemY), DE
2624  6D51 C9               RET
2625  6D52
2626  6D52              ; ================================================================
2627  6D52              ; MANHATTAN DIST TO BALL — |TmpHemX - TmpBallCX| + |TmpHemY - TmpBallCY|
2628  6D52              ; Out: HL = 16-bit unsigned дистанция. Clobbers A,DE,HL.
2629  6D52              ; ================================================================
2630  6D52              ManhattanDistToBall:
2631  6D52 2A 8B 80         LD HL, (TmpHemX)
2632  6D55 ED 5B 77 80      LD DE, (TmpBallCX)
2633  6D59 A7               AND A
2634  6D5A ED 52            SBC HL, DE
2635  6D5C CB 7C            BIT 7, H
2636  6D5E 28 07            JR Z, .mdb_dx_pos
2637  6D60 AF               XOR A
2637  6D61 95             SUB L
2637  6D62 6F             LD L, A
2638  6D63 3E 00            LD A, 0
2638  6D65 9C             SBC A, H
2638  6D66 67             LD H, A
2639  6D67              .mdb_dx_pos:
2640  6D67 E5               PUSH HL                                ; |dx|
2641  6D68 2A 8D 80         LD HL, (TmpHemY)
2642  6D6B ED 5B 79 80      LD DE, (TmpBallCY)
2643  6D6F A7               AND A
2644  6D70 ED 52            SBC HL, DE
2645  6D72 CB 7C            BIT 7, H
2646  6D74 28 07            JR Z, .mdb_dy_pos
2647  6D76 AF               XOR A
2647  6D77 95             SUB L
2647  6D78 6F             LD L, A
2648  6D79 3E 00            LD A, 0
2648  6D7B 9C             SBC A, H
2648  6D7C 67             LD H, A
2649  6D7D              .mdb_dy_pos:
2650  6D7D D1               POP DE                                 ; DE = |dx|
2651  6D7E 19               ADD HL, DE                             ; HL = |dx|+|dy|
2652  6D7F C9               RET
2653  6D80
2654  6D80              ; ================================================================
2655  6D80              ; CHECK BALL-CHAIN COLLISIONS — для каждого летящего шара ищем попадание
2656  6D80              ; в шар цепочки. Позиция chain-шара i: TrackData[(HSA-i)*CELL_SIZE + Sub + offset[i]].
2657  6D80              ; При коллизии: TmpInsertIdx = i, CALL InsertChainBall, удалить летящий.
2658  6D80              ; ================================================================
2659  6D80              CheckBallChainCollisions:
2660  6D80 DD 21 A4 80      LD IX, BallTable
2661  6D84 06 08            LD B, MAX_BALLS
2662  6D86              .cbc_outer:
2663  6D86 C5               PUSH BC
2664  6D87 DD 7E 06         LD A, (IX+BALL_ACTIVE)
2665  6D8A B7               OR A
2666  6D8B CA 2A 6F         JP Z, .cbc_next_outer
2667  6D8E                  ; Approach state — пропускаем (шар уже привязан к target chain idx)
2668  6D8E DD 7E 05         LD A, (IX+BALL_SPEED)
2669  6D91 B7               OR A
2670  6D92 C2 2A 6F         JP NZ, .cbc_next_outer
2671  6D95
2672  6D95 DD 6E 00         LD L, (IX+BALL_X)
2672  6D98 DD 66 01       LD H, (IX+BALL_X+1)
2673  6D9B 11 08 00         LD DE, 8
2673  6D9E 19             ADD HL, DE
2674  6D9F 22 77 80         LD (TmpBallCX), HL
2675  6DA2 DD 6E 02         LD L, (IX+BALL_Y)
2675  6DA5 DD 66 03       LD H, (IX+BALL_Y+1)
2676  6DA8 19               ADD HL, DE
2677  6DA9 22 79 80         LD (TmpBallCY), HL
2678  6DAC
2679  6DAC                  ; Обходим цепочку с head к tail (= от меньшего idx к большему).
2680  6DAC                  ; При наличии GAP в середине цепочки (pending compaction), это даёт
2681  6DAC                  ; head-side приоритет — шар "приклеивается" к ближнему к голове соседу gap'а.
2682  6DAC 3A 9E 85         LD A, (Chain0_SlotsLen)
2683  6DAF B7               OR A
2684  6DB0 CA 2A 6F         JP Z, .cbc_next_outer
2685  6DB3 AF               XOR A
2686  6DB4 32 70 80         LD (TmpChainIdx), A                   ; i = 0
2687  6DB7              .cbc_inner:
2688  6DB7
2689  6DB7                  ; Skip GAP slots
2690  6DB7 3A 70 80         LD A, (TmpChainIdx)
2691  6DBA 26 00            LD H, 0
2691  6DBC 6F             LD L, A
2692  6DBD 11 EC 80         LD DE, Chain0_Slots
2693  6DC0 19               ADD HL, DE
2694  6DC1 7E               LD A, (HL)
2695  6DC2 FE 06            CP NUM_BALL_COLORS
2696  6DC4 D2 19 6F         JP NC, .cbc_skip_ball                 ; >= NUM_BALL_COLORS = GAP → шар проходит сквозь
2697  6DC7
2698  6DC7                  ; Skip exploding slots (любой ExplodingFrame > 0 = "уже исчезает", ball passes through)
2699  6DC7 3A 70 80         LD A, (TmpChainIdx)
2700  6DCA 26 00            LD H, 0
2700  6DCC 6F             LD L, A
2701  6DCD 11 BC 83         LD DE, Chain0_ExplodingFrame
2702  6DD0 19               ADD HL, DE
2703  6DD1 7E               LD A, (HL)
2704  6DD2 B7               OR A
2705  6DD3 C2 19 6F         JP NZ, .cbc_skip_ball
2706  6DD6
2707  6DD6                  ; t = (HSA - i) * 32 + HeadSub + sign_extend(SlotOffsets[i])
2708  6DD6 3A 9C 85         LD A, (Chain0_HeadSlotAbs)
2709  6DD9 21 70 80         LD HL, TmpChainIdx
2710  6DDC 96               SUB (HL)
2711  6DDD DA 19 6F         JP C, .cbc_skip_ball                  ; HSA - i < 0 → шар за стартом
2712  6DE0 26 00            LD H, 0
2712  6DE2 6F             LD L, A
2713  6DE3 29               ADD HL, HL
2713  6DE4 29             ADD HL, HL
2713  6DE5 29             ADD HL, HL
2714  6DE6 29               ADD HL, HL
2714  6DE7 29             ADD HL, HL                ; HL = (HSA-i)*32
2715  6DE8
2716  6DE8 3A 9D 85         LD A, (Chain0_HeadSub)
2717  6DEB 5F               LD E, A
2718  6DEC 16 00            LD D, 0
2719  6DEE 19               ADD HL, DE                             ; + HeadSub
2720  6DEF
2721  6DEF E5               PUSH HL
2722  6DF0 3A 70 80         LD A, (TmpChainIdx)
2723  6DF3 26 00            LD H, 0
2723  6DF5 6F             LD L, A
2724  6DF6 11 DC 81         LD DE, Chain0_SlotOffsets
2725  6DF9 19               ADD HL, DE
2726  6DFA 7E               LD A, (HL)
2727  6DFB 5F               LD E, A
2728  6DFC 16 00            LD D, 0
2729  6DFE CB 7F            BIT 7, A
2730  6E00 28 01            JR Z, .cbc_offset_pos
2731  6E02 15               DEC D
2732  6E03              .cbc_offset_pos:
2733  6E03 E1               POP HL
2734  6E04 19               ADD HL, DE
2735  6E05              .cbc_t_ready:
2736  6E05 CB 7C            BIT 7, H
2737  6E07 C2 19 6F         JP NZ, .cbc_skip_ball                 ; t < 0 → шар «за стартом», не виден
2738  6E0A E5               PUSH HL
2739  6E0B 11 6E 0B         LD DE, TRACK_NUM_POINTS
2740  6E0E A7               AND A
2741  6E0F ED 52            SBC HL, DE
2742  6E11 E1               POP HL
2743  6E12 38 03            JR C, .cbc_t_ok
2744  6E14 21 6D 0B         LD HL, TRACK_NUM_POINTS - 1           ; clamp в финал
2745  6E17              .cbc_t_ok:
2746  6E17 29               ADD HL, HL
2746  6E18 29             ADD HL, HL
2747  6E19 11 9C 96         LD DE, TrackData
2748  6E1C 19               ADD HL, DE
2749  6E1D 5E               LD E, (HL)
2749  6E1E 23             INC HL
2749  6E1F 56             LD D, (HL)
2749  6E20 23             INC HL
2750  6E21 ED 53 7B 80      LD (TmpChainCX), DE
2751  6E25 5E               LD E, (HL)
2751  6E26 23             INC HL
2751  6E27 56             LD D, (HL)
2752  6E28 ED 53 7D 80      LD (TmpChainCY), DE
2753  6E2C
2754  6E2C 2A 79 80         LD HL, (TmpBallCY)
2755  6E2F ED 5B 7D 80      LD DE, (TmpChainCY)
2756  6E33 A7               AND A
2757  6E34 ED 52            SBC HL, DE
2758  6E36 CB 7C            BIT 7, H
2759  6E38 28 07            JR Z, .cbc_pos_dy
2760  6E3A AF               XOR A
2760  6E3B 95             SUB L
2760  6E3C 6F             LD L, A
2761  6E3D 3E 00            LD A, 0
2761  6E3F 9C             SBC A, H
2761  6E40 67             LD H, A
2762  6E41              .cbc_pos_dy:
2763  6E41 7C               LD A, H
2763  6E42 B7             OR A
2763  6E43 C2 19 6F       JP NZ, .cbc_skip_ball
2764  6E46 7D               LD A, L
2764  6E47 FE 0E          CP 14
2764  6E49 D2 19 6F       JP NC, .cbc_skip_ball     ; bbox 28 для ball 24×24 (~visible 20 + buffer)
2765  6E4C
2766  6E4C 2A 77 80         LD HL, (TmpBallCX)
2767  6E4F ED 5B 7B 80      LD DE, (TmpChainCX)
2768  6E53 A7               AND A
2769  6E54 ED 52            SBC HL, DE
2770  6E56 CB 7C            BIT 7, H
2771  6E58 28 07            JR Z, .cbc_pos_dx
2772  6E5A AF               XOR A
2772  6E5B 95             SUB L
2772  6E5C 6F             LD L, A
2773  6E5D 3E 00            LD A, 0
2773  6E5F 9C             SBC A, H
2773  6E60 67             LD H, A
2774  6E61              .cbc_pos_dx:
2775  6E61 7C               LD A, H
2775  6E62 B7             OR A
2775  6E63 C2 19 6F       JP NZ, .cbc_skip_ball
2776  6E66 7D               LD A, L
2776  6E67 FE 0E          CP 14
2776  6E69 D2 19 6F       JP NC, .cbc_skip_ball     ; bbox 28
2777  6E6C
2778  6E6C                  ; --- КОЛЛИЗИЯ → hemisphere check: target_idx = i или i+1.
2779  6E6C                  ; Сравниваем Manhattan-дистанцию летящего шара до prev (idx i-1, head-side)
2780  6E6C                  ; и next (idx i+1, tail-side) ближайших non-GAP соседей.
2781  6E6C                  ; Если ближе к next → target=i+1 (вставка между i и i+1, tail-side).
2782  6E6C                  ; Иначе target=i (вставка между i-1 и i, head-side, default).
2783  6E6C
2784  6E6C 3A 70 80         LD A, (TmpChainIdx)
2785  6E6F 32 95 80         LD (TmpTargetIdx), A                  ; default = i
2786  6E72
2787  6E72                  ; --- Find prev (non-GAP slot < i) ---
2788  6E72 AF               XOR A
2789  6E73 32 93 80         LD (TmpHasPrev), A
2790  6E76 3A 70 80         LD A, (TmpChainIdx)
2791  6E79 B7               OR A
2792  6E7A 28 25            JR Z, .hem_check_next                 ; i=0 → нет prev
2793  6E7C 47               LD B, A                               ; B = i
2794  6E7D              .hem_find_prev:
2795  6E7D 05               DEC B                                  ; B = candidate idx
2796  6E7E 26 00            LD H, 0
2796  6E80 68             LD L, B
2797  6E81 11 EC 80         LD DE, Chain0_Slots
2798  6E84 19               ADD HL, DE
2799  6E85 7E               LD A, (HL)
2800  6E86 FE 06            CP NUM_BALL_COLORS
2801  6E88 38 06            JR C, .hem_have_prev                  ; < NUM → non-GAP
2802  6E8A 78               LD A, B
2803  6E8B B7               OR A
2804  6E8C 20 EF            JR NZ, .hem_find_prev
2805  6E8E 18 11            JR .hem_check_next
2806  6E90              .hem_have_prev:
2807  6E90 78               LD A, B
2808  6E91 C5               PUSH BC
2809  6E92 CD F6 6C         CALL ComputeSlotXY
2810  6E95 CD 52 6D         CALL ManhattanDistToBall
2811  6E98 C1               POP BC
2812  6E99 22 8F 80         LD (TmpDistPrev), HL
2813  6E9C 3E 01            LD A, 1
2814  6E9E 32 93 80         LD (TmpHasPrev), A
2815  6EA1
2816  6EA1              .hem_check_next:
2817  6EA1 AF               XOR A
2818  6EA2 32 94 80         LD (TmpHasNext), A
2819  6EA5 3A 70 80         LD A, (TmpChainIdx)
2820  6EA8 3C               INC A
2821  6EA9 21 9E 85         LD HL, Chain0_SlotsLen
2822  6EAC BE               CP (HL)
2823  6EAD 30 27            JR NC, .hem_decide                    ; i+1 >= len → нет next
2824  6EAF 47               LD B, A                               ; B = i+1
2825  6EB0              .hem_find_next:
2826  6EB0 26 00            LD H, 0
2826  6EB2 68             LD L, B
2827  6EB3 11 EC 80         LD DE, Chain0_Slots
2828  6EB6 19               ADD HL, DE
2829  6EB7 7E               LD A, (HL)
2830  6EB8 FE 06            CP NUM_BALL_COLORS
2831  6EBA 38 09            JR C, .hem_have_next
2832  6EBC 04               INC B
2833  6EBD 3A 9E 85         LD A, (Chain0_SlotsLen)
2834  6EC0 B8               CP B
2835  6EC1 20 ED            JR NZ, .hem_find_next
2836  6EC3 18 11            JR .hem_decide
2837  6EC5              .hem_have_next:
2838  6EC5 78               LD A, B
2839  6EC6 C5               PUSH BC
2840  6EC7 CD F6 6C         CALL ComputeSlotXY
2841  6ECA CD 52 6D         CALL ManhattanDistToBall
2842  6ECD C1               POP BC
2843  6ECE 22 91 80         LD (TmpDistNext), HL
2844  6ED1 3E 01            LD A, 1
2845  6ED3 32 94 80         LD (TmpHasNext), A
2846  6ED6
2847  6ED6              .hem_decide:
2848  6ED6 3A 94 80         LD A, (TmpHasNext)
2849  6ED9 B7               OR A
2850  6EDA 28 19            JR Z, .hem_apply                      ; нет next → keep target=i
2851  6EDC 3A 93 80         LD A, (TmpHasPrev)
2852  6EDF B7               OR A
2853  6EE0 28 0C            JR Z, .hem_pick_next                  ; нет prev → target=i+1
2854  6EE2 2A 91 80         LD HL, (TmpDistNext)
2855  6EE5 ED 5B 8F 80      LD DE, (TmpDistPrev)
2856  6EE9 A7               AND A
2857  6EEA ED 52            SBC HL, DE
2858  6EEC 30 07            JR NC, .hem_apply                     ; dist_next >= dist_prev → keep target=i
2859  6EEE              .hem_pick_next:
2860  6EEE 3A 70 80         LD A, (TmpChainIdx)
2861  6EF1 3C               INC A
2862  6EF2 32 95 80         LD (TmpTargetIdx), A
2863  6EF5
2864  6EF5              .hem_apply:
2865  6EF5 DD E5            PUSH IX
2866  6EF7 E1               POP HL
2867  6EF8 11 A4 80         LD DE, BallTable
2868  6EFB A7               AND A
2869  6EFC ED 52            SBC HL, DE
2870  6EFE CB 3C            SRL H
2870  6F00 CB 1D          RR L
2871  6F02 CB 3C            SRL H
2871  6F04 CB 1D          RR L
2872  6F06 CB 3C            SRL H
2872  6F08 CB 1D          RR L                          ; HL = ball_index
2873  6F0A 11 E4 80         LD DE, BallTargetIdx
2874  6F0D 19               ADD HL, DE
2875  6F0E 3A 95 80         LD A, (TmpTargetIdx)
2876  6F11 77               LD (HL), A                            ; BallTargetIdx[ball_index] = target_idx
2877  6F12 3E 01            LD A, 1
2878  6F14 DD 77 05         LD (IX+BALL_SPEED), A                 ; approach флаг
2879  6F17 18 11            JR .cbc_next_outer
2880  6F19
2881  6F19              .cbc_skip_ball:
2882  6F19 3A 70 80         LD A, (TmpChainIdx)
2883  6F1C 3C               INC A
2884  6F1D 21 9E 85         LD HL, Chain0_SlotsLen
2885  6F20 BE               CP (HL)
2886  6F21 D2 2A 6F         JP NC, .cbc_next_outer                ; i = SlotsLen → нет коллизии
2887  6F24 32 70 80         LD (TmpChainIdx), A
2888  6F27 C3 B7 6D         JP .cbc_inner
2889  6F2A
2890  6F2A              .cbc_next_outer:
2891  6F2A C1               POP BC
2892  6F2B 11 08 00         LD DE, 8
2893  6F2E DD 19            ADD IX, DE
2894  6F30 05               DEC B
2895  6F31 C2 86 6D         JP NZ, .cbc_outer
2896  6F34 C9               RET
2897  6F35
2898  6F35              ; ================================================================
2899  6F35              ; (CompactChain удалён — в VDC модели не нужен: spacing встроен в slot index.)
2900  6F35              ; ================================================================
2901  6F35
2902  6F35              ; ================================================================
2903  6F35              ; COMPUTE APPROACH TARGET — для approach-шара вычисляет (X, Y) точки вставки.
2904  6F35              ; Вход: A = chain target index (0..ChainLen-1)
2905  6F35              ; Выход: TmpTargetX, TmpTargetY = top-left позиции (= TrackData[t] - 8 в каждой оси)
2906  6F35              ;        TmpChainIdx = A (сохранён для дальнейшего использования)
2907  6F35              ; ================================================================
2908  6F35              ComputeApproachTarget:
2909  6F35 32 70 80         LD (TmpChainIdx), A
2910  6F38
2911  6F38                  ; t = (HSA - i) * 32 + HeadSub + SlotOffsets[i] (signed)
2912  6F38 3A 9C 85         LD A, (Chain0_HeadSlotAbs)
2913  6F3B 21 70 80         LD HL, TmpChainIdx
2914  6F3E 96               SUB (HL)
2915  6F3F 30 01            JR NC, .cat_hsa_ok
2916  6F41 AF               XOR A                                 ; clamp t→0 если HSA-i<0
2917  6F42              .cat_hsa_ok:
2918  6F42 26 00            LD H, 0
2918  6F44 6F             LD L, A
2919  6F45 29               ADD HL, HL
2919  6F46 29             ADD HL, HL
2919  6F47 29             ADD HL, HL
2920  6F48 29               ADD HL, HL
2920  6F49 29             ADD HL, HL                ; HL = (HSA-i)*32
2921  6F4A
2922  6F4A 3A 9D 85         LD A, (Chain0_HeadSub)
2923  6F4D 5F               LD E, A
2924  6F4E 16 00            LD D, 0
2925  6F50 19               ADD HL, DE                             ; + HeadSub
2926  6F51
2927  6F51 E5               PUSH HL
2928  6F52 3A 70 80         LD A, (TmpChainIdx)
2929  6F55 26 00            LD H, 0
2929  6F57 6F             LD L, A
2930  6F58 11 DC 81         LD DE, Chain0_SlotOffsets
2931  6F5B 19               ADD HL, DE
2932  6F5C 7E               LD A, (HL)
2933  6F5D 5F               LD E, A
2934  6F5E 16 00            LD D, 0
2935  6F60 CB 7F            BIT 7, A
2936  6F62 28 01            JR Z, .cat_off_pos
2937  6F64 15               DEC D
2938  6F65              .cat_off_pos:
2939  6F65 E1               POP HL
2940  6F66 19               ADD HL, DE                            ; HL = t (signed)
2941  6F67 CB 7C            BIT 7, H
2942  6F69 28 03            JR Z, .cat_t_not_neg
2943  6F6B 21 00 00         LD HL, 0
2944  6F6E              .cat_t_not_neg:
2945  6F6E E5               PUSH HL
2946  6F6F 11 6E 0B         LD DE, TRACK_NUM_POINTS
2947  6F72 A7               AND A
2948  6F73 ED 52            SBC HL, DE
2949  6F75 E1               POP HL
2950  6F76 38 03            JR C, .cat_t_in_range
2951  6F78 21 6D 0B         LD HL, TRACK_NUM_POINTS - 1
2952  6F7B              .cat_t_in_range:
2953  6F7B 29               ADD HL, HL
2953  6F7C 29             ADD HL, HL
2954  6F7D 11 9C 96         LD DE, TrackData
2955  6F80 19               ADD HL, DE
2956  6F81 7E               LD A, (HL)
2956  6F82 D6 0C          SUB 12
2956  6F84 32 98 80       LD (TmpTargetX), A
2956  6F87 23             INC HL          ; ball 24x24
2957  6F88 7E               LD A, (HL)
2957  6F89 DE 00          SBC A, 0
2957  6F8B 32 99 80       LD (TmpTargetX+1), A
2957  6F8E 23             INC HL
2958  6F8F CB 7F            BIT 7, A                                                    ; sign bit set?
2959  6F91 28 07            JR Z, .cat_x_ok
2960  6F93 AF               XOR A
2960  6F94 32 98 80       LD (TmpTargetX), A
2960  6F97 32 99 80       LD (TmpTargetX+1), A          ; clamp X >= 0
2961  6F9A              .cat_x_ok:
2962  6F9A 7E               LD A, (HL)
2962  6F9B D6 0C          SUB 12
2962  6F9D 32 9A 80       LD (TmpTargetY), A
2962  6FA0 23             INC HL          ; ball 24x24
2963  6FA1 7E               LD A, (HL)
2963  6FA2 DE 00          SBC A, 0
2963  6FA4 32 9B 80       LD (TmpTargetY+1), A
2964  6FA7 CB 7F            BIT 7, A
2965  6FA9 28 07            JR Z, .cat_y_ok
2966  6FAB AF               XOR A
2966  6FAC 32 9A 80       LD (TmpTargetY), A
2966  6FAF 32 9B 80       LD (TmpTargetY+1), A          ; clamp Y >= 0
2967  6FB2              .cat_y_ok:
2968  6FB2 C9               RET
2969  6FB3
2970  6FB3              ; ================================================================
2971  6FB3              ; ANIMATE CHAIN — VDC модель. Каждый GAP_STEP_FRAMES делает GAP-step:
2972  6FB3              ;   GAP_STOP двигается вправо (к tail в массиве): SWAP с Slots[k+1].
2973  6FB3              ;   GAP_CASCADE двигается влево (к head): SWAP с Slots[k-1].
2974  6FB3              ; Exit GAP с краёв массива → SlotsLen-=1 (для STOP) или shift_left+SlotsLen-=1+HSA-=1 (для CASCADE).
2975  6FB3              ; После GAP-step → match-scan для триггера новых match'ей (cascade chain).
2976  6FB3              ; ChainStalled=1 пока в Slots есть GAP-cells.
2977  6FB3              ; ================================================================
2978  6FB3              AnimateChain:
2979  6FB3                  ; --- Explosion-анимация: increment ExplodingFrame, финализация после EXPLOSION_FRAMES ---
2980  6FB3 3A 9E 85         LD A, (Chain0_SlotsLen)
2981  6FB6 B7               OR A
2982  6FB7 28 32            JR Z, .ac_after_explode
2983  6FB9 47               LD B, A
2984  6FBA 21 BC 83         LD HL, Chain0_ExplodingFrame
2985  6FBD              .ac_explode_loop:
2986  6FBD 7E               LD A, (HL)
2987  6FBE B7               OR A
2988  6FBF 28 27            JR Z, .ac_explode_next
2989  6FC1 3C               INC A
2990  6FC2 FE 0F            CP EXPLOSION_FRAMES + 1
2991  6FC4 38 21            JR C, .ac_explode_save
2992  6FC6                  ; Frame >= EXPLOSION_FRAMES → финализация: Slots[i]=ExplodingMarker[i], ExplodingFrame[i]=0.
2993  6FC6 AF               XOR A
2994  6FC7 77               LD (HL), A                                ; ExplodingFrame[i] = 0
2995  6FC8 E5               PUSH HL
2996  6FC9 C5               PUSH BC
2997  6FCA 3A 9E 85         LD A, (Chain0_SlotsLen)
2998  6FCD 90               SUB B                                     ; A = i (поскольку B уменьшается с len до 1)
2999  6FCE 26 00            LD H, 0
2999  6FD0 6F             LD L, A
3000  6FD1 11 AC 84         LD DE, Chain0_ExplodingMarker
3001  6FD4 19               ADD HL, DE
3002  6FD5 7E               LD A, (HL)                                ; A = saved GAP_STOP/CASCADE
3003  6FD6 4F               LD C, A
3004  6FD7 3A 9E 85         LD A, (Chain0_SlotsLen)
3005  6FDA 90               SUB B
3006  6FDB 26 00            LD H, 0
3006  6FDD 6F             LD L, A
3007  6FDE 11 EC 80         LD DE, Chain0_Slots
3008  6FE1 19               ADD HL, DE
3009  6FE2 71               LD (HL), C                                ; Slots[i] = marker
3010  6FE3 C1               POP BC
3011  6FE4 E1               POP HL
3012  6FE5 18 01            JR .ac_explode_next
3013  6FE7              .ac_explode_save:
3014  6FE7 77               LD (HL), A
3015  6FE8              .ac_explode_next:
3016  6FE8 23               INC HL
3017  6FE9 10 D2            DJNZ .ac_explode_loop
3018  6FEB              .ac_after_explode:
3019  6FEB
3020  6FEB                  ; Каждый кадр decay'им offsets к 0 на 1 px (= плавное движение GAP-step через offsets).
3021  6FEB 3A 9E 85         LD A, (Chain0_SlotsLen)
3022  6FEE B7               OR A
3023  6FEF 28 14            JR Z, .ac_after_decay
3024  6FF1 47               LD B, A
3025  6FF2 21 DC 81         LD HL, Chain0_SlotOffsets
3026  6FF5              .ac_decay_loop:
3027  6FF5 7E               LD A, (HL)
3028  6FF6 B7               OR A
3029  6FF7 28 09            JR Z, .ac_decay_skip
3030  6FF9 CB 7F            BIT 7, A
3031  6FFB 20 03            JR NZ, .ac_decay_neg
3032  6FFD 3D               DEC A                                     ; positive → 0
3033  6FFE 18 01            JR .ac_decay_store
3034  7000              .ac_decay_neg:
3035  7000 3C               INC A                                     ; negative → 0
3036  7001              .ac_decay_store:
3037  7001 77               LD (HL), A
3038  7002              .ac_decay_skip:
3039  7002 23               INC HL
3040  7003 10 F0            DJNZ .ac_decay_loop
3041  7005              .ac_after_decay:
3042  7005
3043  7005                  ; GAP step counter (full SWAP каждые GAP_STEP_FRAMES = CELL_SIZE кадров)
3044  7005 3A 4C 80         LD A, (GapStepCounter)
3045  7008 3C               INC A
3046  7009 FE 20            CP GAP_STEP_FRAMES
3047  700B 38 07            JR C, .ac_save_counter
3048  700D AF               XOR A
3049  700E 32 4C 80         LD (GapStepCounter), A
3050  7011 CD 1E 70         CALL DoGapStep
3051  7014              .ac_save_counter:
3052  7014 32 4C 80         LD (GapStepCounter), A
3053  7017                  ; Persistent scan: каждый кадр проверяем Shot2 markers (offset gap может временно
3054  7017                  ; блокировать match, но через ~25-32 кадра offsets decay'ят и cascade сработает).
3055  7017 CD 14 72         CALL ScanForNewMatch
3056  701A CD 85 72         CALL UpdateStallByGap
3057  701D C9               RET
3058  701E
3059  701E              ; ================================================================
3060  701E              ; DO GAP STEP — один шаг movement всех GAP-cells.
3061  701E              ; STOP-cells: pass right→left (чтобы swap не двигал тот же cell дважды),
3062  701E              ;             swap Slots[k] = STOP с Slots[k+1] = (color/non-STOP).
3063  701E              ;             Если k+1 == SlotsLen → SlotsLen -= 1 (exit с tail-end).
3064  701E              ; CASCADE-cells: pass left→right, swap Slots[k] = CASCADE с Slots[k-1].
3065  701E              ;             Если k == 0 → shift_left + HSA -= 1 + SlotsLen -= 1.
3066  701E              ; ================================================================
3067  701E              DoGapStep:
3068  701E                  ; --- Pass 1: STOP closure — last GAP_STOP from tail-side (хвост подъезжает к голове) ---
3069  701E 3A 9E 85         LD A, (Chain0_SlotsLen)
3070  7021 B7               OR A
3071  7022 CA 1B 71         JP Z, .dgs_cascade_init
3072  7025 3D               DEC A                                     ; A = SlotsLen-1
3073  7026 4F               LD C, A                                   ; C = current idx (start at end)
3074  7027 26 00            LD H, 0
3074  7029 6F             LD L, A
3075  702A 11 EC 80         LD DE, Chain0_Slots
3076  702D 19               ADD HL, DE                                ; HL = &Slots[SlotsLen-1]
3077  702E              .dgs_stop_scan:
3078  702E 7E               LD A, (HL)
3079  702F FE FE            CP GAP_STOP
3080  7031 28 09            JR Z, .dgs_stop_found
3081  7033 79               LD A, C
3082  7034 B7               OR A
3083  7035 CA 1B 71         JP Z, .dgs_cascade_init
3084  7038 0D               DEC C
3085  7039 2B               DEC HL
3086  703A 18 F2            JR .dgs_stop_scan
3087  703C
3088  703C              .dgs_stop_found:
3089  703C                  ; C = idx последнего GAP_STOP. Сохраняем для offset shift.
3090  703C 79               LD A, C
3091  703D 32 4F 80         LD (TmpGapIdx), A
3092  7040
3093  7040                  ; Удалить slot C: shift_left Slots[C+1..end] → Slots[C..end-1]
3094  7040 3A 9E 85         LD A, (Chain0_SlotsLen)
3095  7043 91               SUB C
3096  7044 3D               DEC A                                     ; A = count = SlotsLen - C - 1
3097  7045 28 67            JR Z, .dgs_stop_no_shift
3098  7047 F5               PUSH AF                                   ; save count
3099  7048
3100  7048 79               LD A, C
3101  7049 3C               INC A
3102  704A 26 00            LD H, 0
3102  704C 6F             LD L, A
3103  704D 11 EC 80         LD DE, Chain0_Slots
3104  7050 19               ADD HL, DE                                ; HL = &Slots[C+1]
3105  7051 54               LD D, H
3105  7052 5D             LD E, L
3106  7053 1B               DEC DE                                    ; DE = &Slots[C]
3107  7054 F1               POP AF
3108  7055 F5               PUSH AF
3109  7056 4F               LD C, A
3109  7057 06 00          LD B, 0
3110  7059 ED B0            LDIR
3111  705B
3112  705B                  ; SlotOffsets shift аналогично
3113  705B 3A 4F 80         LD A, (TmpGapIdx)
3114  705E 3C               INC A
3115  705F 26 00            LD H, 0
3115  7061 6F             LD L, A
3116  7062 11 DC 81         LD DE, Chain0_SlotOffsets
3117  7065 19               ADD HL, DE
3118  7066 54               LD D, H
3118  7067 5D             LD E, L
3119  7068 1B               DEC DE
3120  7069 F1               POP AF
3121  706A F5               PUSH AF
3122  706B 4F               LD C, A
3122  706C 06 00          LD B, 0
3123  706E ED B0            LDIR
3124  7070
3125  7070                  ; Shot2 shift аналогично
3126  7070 3A 4F 80         LD A, (TmpGapIdx)
3127  7073 3C               INC A
3128  7074 26 00            LD H, 0
3128  7076 6F             LD L, A
3129  7077 11 CC 82         LD DE, Chain0_Shot2
3130  707A 19               ADD HL, DE
3131  707B 54               LD D, H
3131  707C 5D             LD E, L
3132  707D 1B               DEC DE
3133  707E F1               POP AF
3134  707F F5               PUSH AF
3135  7080 4F               LD C, A
3135  7081 06 00          LD B, 0
3136  7083 ED B0            LDIR
3137  7085
3138  7085                  ; ExplodingFrame shift — иначе финализация других exploding слотов
3139  7085                  ; промахивается мимо своих позиций после compaction соседнего STOP.
3140  7085 3A 4F 80         LD A, (TmpGapIdx)
3141  7088 3C               INC A
3142  7089 26 00            LD H, 0
3142  708B 6F             LD L, A
3143  708C 11 BC 83         LD DE, Chain0_ExplodingFrame
3144  708F 19               ADD HL, DE
3145  7090 54               LD D, H
3145  7091 5D             LD E, L
3146  7092 1B               DEC DE
3147  7093 F1               POP AF
3148  7094 F5               PUSH AF
3149  7095 4F               LD C, A
3149  7096 06 00          LD B, 0
3150  7098 ED B0            LDIR
3151  709A
3152  709A                  ; ExplodingMarker shift (парный)
3153  709A 3A 4F 80         LD A, (TmpGapIdx)
3154  709D 3C               INC A
3155  709E 26 00            LD H, 0
3155  70A0 6F             LD L, A
3156  70A1 11 AC 84         LD DE, Chain0_ExplodingMarker
3157  70A4 19               ADD HL, DE
3158  70A5 54               LD D, H
3158  70A6 5D             LD E, L
3159  70A7 1B               DEC DE
3160  70A8 F1               POP AF
3161  70A9 4F               LD C, A
3161  70AA 06 00          LD B, 0
3162  70AC ED B0            LDIR
3163  70AE              .dgs_stop_no_shift:
3164  70AE 21 9E 85         LD HL, Chain0_SlotsLen
3165  70B1 35               DEC (HL)
3166  70B2
3167  70B2                  ; STOP теперь cascade-like: HSA-=1, head комп +CELL_SIZE с cap'ом. Tail НЕ
3168  70B2                  ; компенсируем — shift idx-=1 + HSA-=1 = position preserved автоматически.
3169  70B2 21 9C 85         LD HL, Chain0_HeadSlotAbs
3170  70B5 7E               LD A, (HL)
3171  70B6 B7               OR A
3172  70B7 28 01            JR Z, .dgs_stop_no_hsa_dec
3173  70B9 35               DEC (HL)
3174  70BA              .dgs_stop_no_hsa_dec:
3175  70BA                  ; offsets[0..K-1] = min(offsets[j] + CELL_SIZE, CELL_SIZE) — head компенсация с cap'ом.
3176  70BA                  ; Equivalent: if A_orig >= 0 → CELL_SIZE; else → A_orig + CELL_SIZE.
3177  70BA 3A 4F 80         LD A, (TmpGapIdx)
3178  70BD B7               OR A
3179  70BE 28 13            JR Z, .dgs_stop_no_off
3180  70C0 47               LD B, A                                   ; B = count = K
3181  70C1 21 DC 81         LD HL, Chain0_SlotOffsets
3182  70C4              .dgs_stop_off_loop:
3183  70C4 7E               LD A, (HL)
3184  70C5 B7               OR A
3185  70C6 F2 CD 70         JP P, .dgs_stop_off_cap                   ; A_orig >= 0 (signed) → cap
3186  70C9 C6 20            ADD A, CELL_SIZE                          ; A_orig < 0 → add normally
3187  70CB 18 02            JR .dgs_stop_off_store
3188  70CD              .dgs_stop_off_cap:
3189  70CD 3E 20            LD A, CELL_SIZE
3190  70CF              .dgs_stop_off_store:
3191  70CF 77               LD (HL), A
3192  70D0 23               INC HL
3193  70D1 10 F1            DJNZ .dgs_stop_off_loop
3194  70D3              .dgs_stop_no_off:
3195  70D3                  ; Set MatchScanIdx после каждого STOP close — для ScanForNewMatch (Phase 1).
3196  70D3 3A 4F 80         LD A, (TmpGapIdx)
3197  70D6 32 4E 80         LD (MatchScanIdx), A
3198  70D9
3199  70D9                  ; Compaction-site Shot2: на новом соседе K-1 (= балл который только что встал
3200  70D9                  ; рядом с тем, что было K+1). Phase 1 ловит такой compaction-cascade combo
3201  70D9                  ; без необходимости Phase 2 full-chain scan'а (= источник «ложных» match'ей).
3202  70D9                  ; Также пометить slot K (= shifted-in ball) для симметрии.
3203  70D9 3A 4F 80         LD A, (TmpGapIdx)
3204  70DC B7               OR A
3205  70DD 28 1A            JR Z, .dgs_stop_no_left_shot2          ; K=0 → нет K-1
3206  70DF 3D               DEC A                                   ; A = K-1
3207  70E0 26 00            LD H, 0
3207  70E2 6F             LD L, A
3208  70E3 11 EC 80         LD DE, Chain0_Slots
3209  70E6 19               ADD HL, DE
3210  70E7 7E               LD A, (HL)
3211  70E8 FE 06            CP NUM_BALL_COLORS
3212  70EA 30 0D            JR NC, .dgs_stop_no_left_shot2          ; K-1 = GAP → не маркируем
3213  70EC 3A 4F 80         LD A, (TmpGapIdx)
3214  70EF 3D               DEC A
3215  70F0 26 00            LD H, 0
3215  70F2 6F             LD L, A
3216  70F3 11 CC 82         LD DE, Chain0_Shot2
3217  70F6 19               ADD HL, DE
3218  70F7 36 01            LD (HL), 1
3219  70F9              .dgs_stop_no_left_shot2:
3220  70F9 3A 4F 80         LD A, (TmpGapIdx)
3221  70FC 21 9E 85         LD HL, Chain0_SlotsLen
3222  70FF BE               CP (HL)
3223  7100 30 18            JR NC, .dgs_stop_no_self_shot2          ; K >= SlotsLen → нет slot K
3224  7102 26 00            LD H, 0
3224  7104 6F             LD L, A
3225  7105 11 EC 80         LD DE, Chain0_Slots
3226  7108 19               ADD HL, DE
3227  7109 7E               LD A, (HL)
3228  710A FE 06            CP NUM_BALL_COLORS
3229  710C 30 0C            JR NC, .dgs_stop_no_self_shot2          ; slot K = GAP → не маркируем
3230  710E 3A 4F 80         LD A, (TmpGapIdx)
3231  7111 26 00            LD H, 0
3231  7113 6F             LD L, A
3232  7114 11 CC 82         LD DE, Chain0_Shot2
3233  7117 19               ADD HL, DE
3234  7118 36 01            LD (HL), 1
3235  711A              .dgs_stop_no_self_shot2:
3236  711A C9               RET                                       ; обработали STOP — не идём в CASCADE pass.
3237  711B                                                            ; Иначе STOP+CASCADE в одном тике дают HSA-=2
3238  711B                                                            ; без двойной компенсации → рывок head -32 px.
3239  711B
3240  711B              .dgs_cascade_init:
3241  711B                  ; --- Pass 2: CASCADE closure — first GAP_CASCADE from head-side
3242  711B                  ;     (голова катится к хвосту, GAP тает от head-стороны) ---
3243  711B 3A 9E 85         LD A, (Chain0_SlotsLen)
3244  711E B7               OR A
3245  711F C8               RET Z
3246  7120 47               LD B, A                                   ; B = SlotsLen (DJNZ counter)
3247  7121 0E 00            LD C, 0                                   ; C = idx
3248  7123 21 EC 80         LD HL, Chain0_Slots
3249  7126              .dgs_casc_scan:
3250  7126 7E               LD A, (HL)
3251  7127 FE FD            CP GAP_CASCADE
3252  7129 28 05            JR Z, .dgs_casc_found
3253  712B 23               INC HL
3254  712C 0C               INC C
3255  712D 10 F7            DJNZ .dgs_casc_scan
3256  712F C9               RET                                       ; no CASCADE найден
3257  7130
3258  7130              .dgs_casc_found:
3259  7130 79               LD A, C
3260  7131 32 4F 80         LD (TmpGapIdx), A
3261  7134
3262  7134                  ; Удалить slot C: shift_left Slots[C+1..end] → Slots[C..end-1]
3263  7134 3A 9E 85         LD A, (Chain0_SlotsLen)
3264  7137 91               SUB C
3265  7138 3D               DEC A
3266  7139 28 67            JR Z, .dgs_casc_no_shift
3267  713B F5               PUSH AF
3268  713C
3269  713C 79               LD A, C
3270  713D 3C               INC A
3271  713E 26 00            LD H, 0
3271  7140 6F             LD L, A
3272  7141 11 EC 80         LD DE, Chain0_Slots
3273  7144 19               ADD HL, DE
3274  7145 54               LD D, H
3274  7146 5D             LD E, L
3275  7147 1B               DEC DE
3276  7148 F1               POP AF
3277  7149 F5               PUSH AF
3278  714A 4F               LD C, A
3278  714B 06 00          LD B, 0
3279  714D ED B0            LDIR
3280  714F
3281  714F 3A 4F 80         LD A, (TmpGapIdx)
3282  7152 3C               INC A
3283  7153 26 00            LD H, 0
3283  7155 6F             LD L, A
3284  7156 11 DC 81         LD DE, Chain0_SlotOffsets
3285  7159 19               ADD HL, DE
3286  715A 54               LD D, H
3286  715B 5D             LD E, L
3287  715C 1B               DEC DE
3288  715D F1               POP AF
3289  715E F5               PUSH AF
3290  715F 4F               LD C, A
3290  7160 06 00          LD B, 0
3291  7162 ED B0            LDIR
3292  7164
3293  7164                  ; Shot2 shift аналогично
3294  7164 3A 4F 80         LD A, (TmpGapIdx)
3295  7167 3C               INC A
3296  7168 26 00            LD H, 0
3296  716A 6F             LD L, A
3297  716B 11 CC 82         LD DE, Chain0_Shot2
3298  716E 19               ADD HL, DE
3299  716F 54               LD D, H
3299  7170 5D             LD E, L
3300  7171 1B               DEC DE
3301  7172 F1               POP AF
3302  7173 F5               PUSH AF
3303  7174 4F               LD C, A
3303  7175 06 00          LD B, 0
3304  7177 ED B0            LDIR
3305  7179
3306  7179                  ; ExplodingFrame shift — финализация других exploding слотов после CASCADE close.
3307  7179 3A 4F 80         LD A, (TmpGapIdx)
3308  717C 3C               INC A
3309  717D 26 00            LD H, 0
3309  717F 6F             LD L, A
3310  7180 11 BC 83         LD DE, Chain0_ExplodingFrame
3311  7183 19               ADD HL, DE
3312  7184 54               LD D, H
3312  7185 5D             LD E, L
3313  7186 1B               DEC DE
3314  7187 F1               POP AF
3315  7188 F5               PUSH AF
3316  7189 4F               LD C, A
3316  718A 06 00          LD B, 0
3317  718C ED B0            LDIR
3318  718E
3319  718E                  ; ExplodingMarker shift (парный)
3320  718E 3A 4F 80         LD A, (TmpGapIdx)
3321  7191 3C               INC A
3322  7192 26 00            LD H, 0
3322  7194 6F             LD L, A
3323  7195 11 AC 84         LD DE, Chain0_ExplodingMarker
3324  7198 19               ADD HL, DE
3325  7199 54               LD D, H
3325  719A 5D             LD E, L
3326  719B 1B               DEC DE
3327  719C F1               POP AF
3328  719D 4F               LD C, A
3328  719E 06 00          LD B, 0
3329  71A0 ED B0            LDIR
3330  71A2              .dgs_casc_no_shift:
3331  71A2 21 9E 85         LD HL, Chain0_SlotsLen
3332  71A5 35               DEC (HL)
3333  71A6 21 9C 85         LD HL, Chain0_HeadSlotAbs
3334  71A9 7E               LD A, (HL)
3335  71AA B7               OR A
3336  71AB 28 01            JR Z, .dgs_casc_no_hsa_dec
3337  71AD 35               DEC (HL)
3338  71AE              .dgs_casc_no_hsa_dec:
3339  71AE
3340  71AE                  ; Cascade close: HSA-- сдвигает все nominals на -CELL_SIZE. Чтобы head-side
3341  71AE                  ; визуально остался на месте В МОМЕНТ close, а потом ПЛАВНО откатился назад
3342  71AE                  ; за CELL_SIZE кадров — компенсируем offset += CELL_SIZE с cap'ом max +CELL_SIZE
3343  71AE                  ; (без cap'а множественные cascade'ы аккумулируют offsets до 70+ → head зависает).
3344  71AE 3A 4F 80         LD A, (TmpGapIdx)
3345  71B1 B7               OR A
3346  71B2 28 13            JR Z, .dgs_casc_no_off
3347  71B4 47               LD B, A
3348  71B5 21 DC 81         LD HL, Chain0_SlotOffsets
3349  71B8              .dgs_casc_off_loop:
3350  71B8 7E               LD A, (HL)
3351  71B9 B7               OR A
3352  71BA F2 C1 71         JP P, .dgs_casc_off_cap                   ; A_orig >= 0 (signed) → cap
3353  71BD C6 20            ADD A, CELL_SIZE                          ; A_orig < 0 → add normally
3354  71BF 18 02            JR .dgs_casc_off_store
3355  71C1              .dgs_casc_off_cap:
3356  71C1 3E 20            LD A, CELL_SIZE
3357  71C3              .dgs_casc_off_store:
3358  71C3 77               LD (HL), A
3359  71C4 23               INC HL
3360  71C5 10 F1            DJNZ .dgs_casc_off_loop
3361  71C7              .dgs_casc_no_off:
3362  71C7                  ; chain_freeze: head компенсация декаит без параллельного chain motion →
3363  71C7                  ; head визуально откатывается на CELL_SIZE px назад за CELL_SIZE кадров (видимый rollback).
3364  71C7 3E 20            LD A, CELL_SIZE
3365  71C9 32 4D 80         LD (ChainFreezeCounter), A
3366  71CC                  ; Set MatchScanIdx после КАЖДОГО CASCADE close (как и для STOP).
3367  71CC 3A 4F 80         LD A, (TmpGapIdx)
3368  71CF 32 4E 80         LD (MatchScanIdx), A
3369  71D2
3370  71D2                  ; Compaction-site Shot2 (как в STOP-pass) — Phase 1 ловит cascade combos.
3371  71D2 3A 4F 80         LD A, (TmpGapIdx)
3372  71D5 B7               OR A
3373  71D6 28 1A            JR Z, .dgs_casc_no_left_shot2
3374  71D8 3D               DEC A
3375  71D9 26 00            LD H, 0
3375  71DB 6F             LD L, A
3376  71DC 11 EC 80         LD DE, Chain0_Slots
3377  71DF 19               ADD HL, DE
3378  71E0 7E               LD A, (HL)
3379  71E1 FE 06            CP NUM_BALL_COLORS
3380  71E3 30 0D            JR NC, .dgs_casc_no_left_shot2
3381  71E5 3A 4F 80         LD A, (TmpGapIdx)
3382  71E8 3D               DEC A
3383  71E9 26 00            LD H, 0
3383  71EB 6F             LD L, A
3384  71EC 11 CC 82         LD DE, Chain0_Shot2
3385  71EF 19               ADD HL, DE
3386  71F0 36 01            LD (HL), 1
3387  71F2              .dgs_casc_no_left_shot2:
3388  71F2 3A 4F 80         LD A, (TmpGapIdx)
3389  71F5 21 9E 85         LD HL, Chain0_SlotsLen
3390  71F8 BE               CP (HL)
3391  71F9 30 18            JR NC, .dgs_casc_no_self_shot2
3392  71FB 26 00            LD H, 0
3392  71FD 6F             LD L, A
3393  71FE 11 EC 80         LD DE, Chain0_Slots
3394  7201 19               ADD HL, DE
3395  7202 7E               LD A, (HL)
3396  7203 FE 06            CP NUM_BALL_COLORS
3397  7205 30 0C            JR NC, .dgs_casc_no_self_shot2
3398  7207 3A 4F 80         LD A, (TmpGapIdx)
3399  720A 26 00            LD H, 0
3399  720C 6F             LD L, A
3400  720D 11 CC 82         LD DE, Chain0_Shot2
3401  7210 19               ADD HL, DE
3402  7211 36 01            LD (HL), 1
3403  7213              .dgs_casc_no_self_shot2:
3404  7213 C9               RET
3405  7214
3406  7214              ; ================================================================
3407  7214              ; SCAN FOR NEW MATCH — full-chain window-3 scan. При найденном run >= 3
3408  7214              ; устанавливает TmpMatch* и вызывает CheckMatch3 без detect (= просто apply).
3409  7214              ; Используется AnimateChain после GAP-step — обнаружение новых match'ей
3410  7214              ; которые сложились из-за движения GAP'ов или новых spawn'ов.
3411  7214              ; ================================================================
3412  7214              ScanForNewMatch:
3413  7214                  ; Persistent Shot2-scan (запускается каждый кадр из AnimateChain). Не gated на
3414  7214                  ; MatchScanIdx — проверяет Shot2 каждый раз. Shot2 НЕ очищается на failed match —
3415  7214                  ; offset gap check в DetectMatch3 может временно блокировать match (offsets=-32
3416  7214                  ; после shift), а через ~25-32 кадров offsets decay'ят и match сработает естественно.
3417  7214                  ; Shot2 очищается ТОЛЬКО при:
3418  7214                  ;  - successful match (= consumed),
3419  7214                  ;  - slot стал GAP'ом (cleanup stale),
3420  7214                  ;  - offsets полностью settled (=0) у k и соседей (= retry done, no cascade).
3421  7214 3A 9E 85         LD A, (Chain0_SlotsLen)
3422  7217 B7               OR A
3423  7218 C8               RET Z
3424  7219 47               LD B, A                                   ; B = SlotsLen iter counter
3425  721A 21 CC 82         LD HL, Chain0_Shot2
3426  721D 0E 00            LD C, 0
3427  721F              .snm_shot2_loop:
3428  721F 7E               LD A, (HL)
3429  7220 B7               OR A
3430  7221 CA 80 72         JP Z, .snm_shot2_next
3431  7224
3432  7224                  ; --- Cleanup: Slots[C] is GAP → clear Shot2 (stale)  ---
3433  7224 C5               PUSH BC
3434  7225 E5               PUSH HL
3435  7226 79               LD A, C
3436  7227 26 00            LD H, 0
3436  7229 6F             LD L, A
3437  722A 11 EC 80         LD DE, Chain0_Slots
3438  722D 19               ADD HL, DE
3439  722E 7E               LD A, (HL)
3440  722F E1               POP HL
3441  7230 C1               POP BC
3442  7231 FE 06            CP NUM_BALL_COLORS
3443  7233 38 05            JR C, .snm_check_match
3444  7235 36 00            LD (HL), 0                                ; GAP slot → clear Shot2
3445  7237 C3 80 72         JP .snm_shot2_next
3446  723A
3447  723A              .snm_check_match:
3448  723A C5               PUSH BC
3449  723B E5               PUSH HL
3450  723C 79               LD A, C
3451  723D 32 7F 80         LD (TmpInsertIdx), A
3452  7240 CD 43 6C         CALL CheckMatch3
3453  7243 E1               POP HL
3454  7244 C1               POP BC
3455  7245 B7               OR A
3456  7246 C0               RET NZ                                    ; match → cascade продолжается
3457  7247
3458  7247                  ; No match. Clear Shot2 only if offsets near k полностью settled (= retry done).
3459  7247 C5               PUSH BC
3460  7248 E5               PUSH HL
3461  7249 79               LD A, C
3462  724A 26 00            LD H, 0
3462  724C 6F             LD L, A
3463  724D 11 DC 81         LD DE, Chain0_SlotOffsets
3464  7250 19               ADD HL, DE
3465  7251 7E               LD A, (HL)
3466  7252 B7               OR A
3467  7253 20 29            JR NZ, .snm_unsettled                     ; offset[C] != 0
3468  7255                  ; Check left neighbor
3469  7255 79               LD A, C
3470  7256 B7               OR A
3471  7257 28 0C            JR Z, .snm_check_right
3472  7259 3D               DEC A
3473  725A 26 00            LD H, 0
3473  725C 6F             LD L, A
3474  725D 11 DC 81         LD DE, Chain0_SlotOffsets
3475  7260 19               ADD HL, DE
3476  7261 7E               LD A, (HL)
3477  7262 B7               OR A
3478  7263 20 19            JR NZ, .snm_unsettled
3479  7265              .snm_check_right:
3480  7265 79               LD A, C
3481  7266 3C               INC A
3482  7267 21 9E 85         LD HL, Chain0_SlotsLen
3483  726A BE               CP (HL)
3484  726B 30 0B            JR NC, .snm_settled
3485  726D 26 00            LD H, 0
3485  726F 6F             LD L, A
3486  7270 11 DC 81         LD DE, Chain0_SlotOffsets
3487  7273 19               ADD HL, DE
3488  7274 7E               LD A, (HL)
3489  7275 B7               OR A
3490  7276 20 06            JR NZ, .snm_unsettled
3491  7278              .snm_settled:
3492  7278 E1               POP HL
3493  7279 C1               POP BC
3494  727A 36 00            LD (HL), 0                                ; settled → clear Shot2[C]
3495  727C 18 02            JR .snm_shot2_next
3496  727E              .snm_unsettled:
3497  727E E1               POP HL
3498  727F C1               POP BC
3499  7280                  ; leave Shot2[C] = 1 для retry next frame
3500  7280
3501  7280              .snm_shot2_next:
3502  7280 23               INC HL
3503  7281 0C               INC C
3504  7282 10 9B            DJNZ .snm_shot2_loop
3505  7284 C9               RET
3506  7285
3507  7285              ; ================================================================
3508  7285              ; UPDATE STALL BY GAP — ChainStalled=1 если в Slots есть GAP, иначе 0.
3509  7285              ; ================================================================
3510  7285              UpdateStallByGap:
3511  7285                  ; ChainStalled = 1 ТОЛЬКО при наличии GAP-cells (= match-3 в процессе схлопывания).
3512  7285                  ; Раньше также stall'илось при non-zero offsets («анимация в процессе») — это давало
3513  7285                  ; +32 кадра паузы поверх ChainFreezeCounter после ЛЮБОГО insert (без match), т.к.
3514  7285                  ; head комп offsets[0..idx-1]=-32 декаит 32 кадра, всё это время stall=1, freeze
3515  7285                  ; counter даже не декрементируется. Итого суммарная пауза ~1.1 сек = жалоба
3516  7285                  ; «трек останавливается при попадании». Python `update_stall` просто `s.chain_stalled=0`
3517  7285                  ; всегда; ChainFreezeCounter сам по себе уже даёт нужную паузу 32 кадра.
3518  7285 3A 9E 85         LD A, (Chain0_SlotsLen)
3519  7288 B7               OR A
3520  7289 28 0C            JR Z, .usg_no_activity
3521  728B 47               LD B, A
3522  728C 21 EC 80         LD HL, Chain0_Slots
3523  728F              .usg_slots_loop:
3524  728F 7E               LD A, (HL)
3525  7290 FE 06            CP NUM_BALL_COLORS
3526  7292 30 08            JR NC, .usg_has_activity                  ; GAP найден → stall
3527  7294 23               INC HL
3528  7295 10 F8            DJNZ .usg_slots_loop
3529  7297              .usg_no_activity:
3530  7297 AF               XOR A
3531  7298 32 75 80         LD (ChainStalled), A
3532  729B C9               RET
3533  729C              .usg_has_activity:
3534  729C 3E 01            LD A, 1
3535  729E 32 75 80         LD (ChainStalled), A
3536  72A1 C9               RET
3537  72A2
3538  72A2              ; ================================================================
3539  72A2              ; MOVE CHAIN — попиксельное движение через HeadSub (0..CELL_SIZE-1).
3540  72A2              ; HeadSub++ каждый вызов; overflow → HeadSub=0, HeadSlotAbs++.
3541  72A2              ; Cascade reverse: HeadSub--, underflow → HeadSub=CELL_SIZE-1, HeadSlotAbs--.
3542  72A2              ; ChainStalled — стоп.
3543  72A2              ; ================================================================
3544  72A2              TRACK_NUM_SLOTS       EQU TRACK_NUM_POINTS / CELL_SIZE  ; 96
3545  72A2
3546  72A2              MoveChain:
3547  72A2                  ; Cascade state — цепочка стоит (instant HSA -= count в .cpt_cascade уже сделан).
3548  72A2                  ; Reverse-anim не нужен.
3549  72A2 3A 46 80         LD A, (CascadeState)
3550  72A5 B7               OR A
3551  72A6 C0               RET NZ
3552  72A7              .mc_normal_check:
3553  72A7 3A 75 80         LD A, (ChainStalled)
3554  72AA B7               OR A
3555  72AB C0               RET NZ
3556  72AC
3557  72AC                  ; ChainFreezeCounter > 0 → пауза hsub-инкремента (head компенсация декаит без
3558  72AC                  ; параллельного chain motion, иначе net advance = 2 cell вместо 1).
3559  72AC 3A 4D 80         LD A, (ChainFreezeCounter)
3560  72AF B7               OR A
3561  72B0 28 05            JR Z, .mc_no_freeze
3562  72B2 3D               DEC A
3563  72B3 32 4D 80         LD (ChainFreezeCounter), A
3564  72B6 C9               RET
3565  72B7              .mc_no_freeze:
3566  72B7
3567  72B7 3A 9D 85         LD A, (Chain0_HeadSub)
3568  72BA 3C               INC A
3569  72BB FE 20            CP CELL_SIZE
3570  72BD 38 12            JR C, .mc_save_sub
3571  72BF                  ; Sub wraps to 0. Обычно HSA++. Если HSA уже на cap (TRACK_NUM_SLOTS-1) —
3572  72BF                  ; head шар «вылетает» в killzone: shift_left arrays + SlotsLen--. Иначе chain
3573  72BF                  ; залипает на конце track когда длина почти max — head не может advance.
3574  72BF AF               XOR A
3575  72C0 32 9D 85         LD (Chain0_HeadSub), A
3576  72C3 3A 9C 85         LD A, (Chain0_HeadSlotAbs)
3577  72C6 3C               INC A
3578  72C7 FE 5B            CP TRACK_NUM_SLOTS
3579  72C9 38 02            JR C, .mc_save_slot
3580  72CB 3E 5A            LD A, TRACK_NUM_SLOTS - 1
3581  72CD              .mc_save_slot:
3582  72CD 32 9C 85         LD (Chain0_HeadSlotAbs), A
3583  72D0 C9               RET
3584  72D1              .mc_save_sub:
3585  72D1 32 9D 85         LD (Chain0_HeadSub), A
3586  72D4 C9               RET
3587  72D5
3588  72D5              ; ================================================================
3589  72D5              ; MOVE CHAIN ABSORB — вариант MoveChain'а для Game-Over state 1.
3590  72D5              ; При HSA on cap И hsub wraps → НЕ clamp HSA, а CALL AbsorbHead — head шар
3591  72D5              ; «вылетает» в killzone, цепь укорачивается на 1, остальные шары сдвигаются
3592  72D5              ; так что их track-позиции непрерывны (HSA НЕ декрементируем — shift сам
3593  72D5              ; компенсирует, см. ниже). Используется в UpdateGame.ug_state1.
3594  72D5              ; ================================================================
3595  72D5              MoveChainAbsorb:
3596  72D5 3A 46 80         LD A, (CascadeState)
3596  72D8 B7             OR A
3596  72D9 C0             RET NZ
3597  72DA 3A 75 80         LD A, (ChainStalled)
3597  72DD B7             OR A
3597  72DE C0             RET NZ
3598  72DF 3A 4D 80         LD A, (ChainFreezeCounter)
3599  72E2 B7               OR A
3600  72E3 28 05            JR Z, .mca_no_freeze
3601  72E5 3D               DEC A
3601  72E6 32 4D 80       LD (ChainFreezeCounter), A
3602  72E9 C9               RET
3603  72EA              .mca_no_freeze:
3604  72EA 3A 9D 85         LD A, (Chain0_HeadSub)
3605  72ED 3C               INC A
3606  72EE FE 20            CP CELL_SIZE
3607  72F0 38 19            JR C, .mca_save_sub
3608  72F2 AF               XOR A
3609  72F3 32 9D 85         LD (Chain0_HeadSub), A
3610  72F6 3A 9C 85         LD A, (Chain0_HeadSlotAbs)
3611  72F9 3C               INC A
3612  72FA FE 5B            CP TRACK_NUM_SLOTS
3613  72FC 38 09            JR C, .mca_save_slot
3614  72FE                  ; HSA at cap. HSA остаётся на cap (= TRACK_NUM_SLOTS-1), но head ball
3615  72FE                  ; consumed: shift_left arrays + SlotsLen-=1. Continuity: old slot_t(1)
3616  72FE                  ; at hsub=32 = (cap-1)*32+32+offsets[1] = cap*32+offsets[1]. После shift
3617  72FE                  ; new slot_t(0) = cap*32+0+(old offsets[1]) = тот же. ✓ no jerk.
3618  72FE 3E 5A            LD A, TRACK_NUM_SLOTS - 1
3619  7300 32 9C 85         LD (Chain0_HeadSlotAbs), A
3620  7303 CD 0F 73         CALL AbsorbHead
3621  7306 C9               RET
3622  7307              .mca_save_slot:
3623  7307 32 9C 85         LD (Chain0_HeadSlotAbs), A
3624  730A C9               RET
3625  730B              .mca_save_sub:
3626  730B 32 9D 85         LD (Chain0_HeadSub), A
3627  730E C9               RET
3628  730F
3629  730F              ; ================================================================
3630  730F              ; ABSORB HEAD — shift_left Chain0_Slots/SlotOffsets/Shot2/ExplodingFrame/
3631  730F              ; ExplodingMarker [1..len-1] → [0..len-2]; SlotsLen-=1; AbsorbCounter+=1.
3632  730F              ; HSA НЕ изменяем. Если SlotsLen уже 0 — RET.
3633  730F              ; ================================================================
3634  730F              AbsorbHead:
3635  730F 3A 9E 85         LD A, (Chain0_SlotsLen)
3636  7312 B7               OR A
3637  7313 C8               RET Z
3638  7314 3D               DEC A
3639  7315 32 9E 85         LD (Chain0_SlotsLen), A
3640  7318 B7               OR A
3641  7319 28 33            JR Z, .ah_count                  ; new len=0 → нечего сдвигать
3642  731B 4F               LD C, A
3642  731C 06 00          LD B, 0                ; BC = count = new SlotsLen
3643  731E C5               PUSH BC
3644  731F 21 ED 80         LD HL, Chain0_Slots + 1
3645  7322 11 EC 80         LD DE, Chain0_Slots
3646  7325 ED B0            LDIR
3647  7327 C1               POP BC
3647  7328 C5             PUSH BC
3648  7329 21 DD 81         LD HL, Chain0_SlotOffsets + 1
3649  732C 11 DC 81         LD DE, Chain0_SlotOffsets
3650  732F ED B0            LDIR
3651  7331 C1               POP BC
3651  7332 C5             PUSH BC
3652  7333 21 CD 82         LD HL, Chain0_Shot2 + 1
3653  7336 11 CC 82         LD DE, Chain0_Shot2
3654  7339 ED B0            LDIR
3655  733B C1               POP BC
3655  733C C5             PUSH BC
3656  733D 21 BD 83         LD HL, Chain0_ExplodingFrame + 1
3657  7340 11 BC 83         LD DE, Chain0_ExplodingFrame
3658  7343 ED B0            LDIR
3659  7345 C1               POP BC
3660  7346 21 AD 84         LD HL, Chain0_ExplodingMarker + 1
3661  7349 11 AC 84         LD DE, Chain0_ExplodingMarker
3662  734C ED B0            LDIR
3663  734E              .ah_count:
3664  734E 3A 16 40         LD A, (AbsorbCounter)
3665  7351 3C               INC A
3666  7352 32 16 40         LD (AbsorbCounter), A
3667  7355 C9               RET
3668  7356
3669  7356              ; ================================================================
3670  7356              ; CHECK HEAD AT KILLZONE — Manhattan(head_pos, KzCenter) < 16 ?
3671  7356              ; Out: A = 1 если да (= триггер Game Over), A = 0 иначе.
3672  7356              ; Использует ComputeSlotXY(0) → TmpHemX/TmpHemY, затем подставляет
3673  7356              ; KzCenter в TmpBallCX/TmpBallCY и вызывает ManhattanDistToBall.
3674  7356              ; Clobbers A,BC,DE,HL,TmpHemX/Y,TmpBallCX/Y,TmpHemSlotIdx.
3675  7356              ; ================================================================
3676  7356              CheckHeadAtKillzone:
3677  7356 3A 9E 85         LD A, (Chain0_SlotsLen)
3678  7359 B7               OR A
3679  735A 28 1F            JR Z, .chk_no                    ; пустая цепь — не trigger
3680  735C AF               XOR A                            ; head idx = 0
3681  735D CD F6 6C         CALL ComputeSlotXY               ; → TmpHemX, TmpHemY
3682  7360 2A 54 80         LD HL, (KzCenterX)
3683  7363 22 77 80         LD (TmpBallCX), HL
3684  7366 2A 56 80         LD HL, (KzCenterY)
3685  7369 22 79 80         LD (TmpBallCY), HL
3686  736C CD 52 6D         CALL ManhattanDistToBall         ; HL = Manhattan
3687  736F 7C               LD A, H
3688  7370 B7               OR A
3689  7371 20 08            JR NZ, .chk_no                   ; HL >= 256 — точно >= 16
3690  7373 7D               LD A, L
3691  7374 FE 10            CP 16
3692  7376 30 03            JR NC, .chk_no
3693  7378 3E 01            LD A, 1
3694  737A C9               RET
3695  737B              .chk_no:
3696  737B AF               XOR A
3697  737C C9               RET
3698  737D
3699  737D              ; ================================================================
3700  737D              ; UPDATE CHAIN SPRITES — TSU-вариант рендера цепочки (НЕ ИСПОЛЬЗУЕТСЯ).
3701  737D              ; Заменён DMA-конвейером BlitChainToShadow + HideChainSprites. Оставлен
3702  737D              ; в коде как ссылка/легаси, никем не вызывается. Использовал старую формулу
3703  737D              ; t = ChainHeadT - 30*i (rigid body model).
3704  737D              ; ================================================================
3705  737D              UpdateChainSprites:
3706  737D AF               XOR A
3707  737E 32 70 80         LD (TmpChainIdx), A                   ; i = 0
3708  7381              .ucss_loop:
3709  7381 3A 70 80         LD A, (TmpChainIdx)
3710  7384 FE 46            CP TSU_CHAIN_SPRITES                  ; SFILE-резерв (legacy TSU-вариант)
3711  7386 D0               RET NC                                ; i >= TSU_CHAIN_SPRITES → конец
3712  7387
3713  7387                  ; Адрес дескриптора в SFILE: HL = DESC_CHAIN0 + 6*i
3714  7387 26 00            LD H, 0
3714  7389 6F             LD L, A
3715  738A 54               LD D, H
3715  738B 5D             LD E, L
3716  738C 29               ADD HL, HL
3717  738D 19               ADD HL, DE
3718  738E 29               ADD HL, HL                            ; HL = i*6
3719  738F 11 18 02         LD DE, DESC_CHAIN0
3720  7392 19               ADD HL, DE
3721  7393 E5               PUSH HL                               ; сохранить адрес дескриптора
3722  7394
3723  7394                  ; Если i >= SlotsLen → invisible
3724  7394 3A 70 80         LD A, (TmpChainIdx)
3725  7397 21 9E 85         LD HL, Chain0_SlotsLen
3726  739A BE               CP (HL)
3727  739B D2 5A 74         JP NC, .ucss_invisible
3728  739E
3729  739E                  ; GAP-cell → invisible
3730  739E 26 00            LD H, 0
3730  73A0 6F             LD L, A
3731  73A1 11 EC 80         LD DE, Chain0_Slots
3732  73A4 19               ADD HL, DE
3733  73A5 7E               LD A, (HL)
3734  73A6 FE 06            CP NUM_BALL_COLORS
3735  73A8 D2 5A 74         JP NC, .ucss_invisible                ; >= 3 = GAP (любой тип) → не рендерим
3736  73AB
3737  73AB                  ; t = (HSA - i) * 32 + HeadSub + sign_extend(SlotOffsets[i])
3738  73AB 3A 9C 85         LD A, (Chain0_HeadSlotAbs)
3739  73AE 21 70 80         LD HL, TmpChainIdx
3740  73B1 96               SUB (HL)
3741  73B2 DA 5A 74         JP C, .ucss_invisible                 ; t < 0
3742  73B5 26 00            LD H, 0
3742  73B7 6F             LD L, A
3743  73B8 29               ADD HL, HL
3743  73B9 29             ADD HL, HL
3743  73BA 29             ADD HL, HL
3744  73BB 29               ADD HL, HL
3744  73BC 29             ADD HL, HL                ; HL = (HSA-i)*32
3745  73BD
3746  73BD 3A 9D 85         LD A, (Chain0_HeadSub)
3747  73C0 5F               LD E, A
3748  73C1 16 00            LD D, 0
3749  73C3 19               ADD HL, DE                             ; + HeadSub
3750  73C4
3751  73C4 E5               PUSH HL
3752  73C5 3A 70 80         LD A, (TmpChainIdx)
3753  73C8 26 00            LD H, 0
3753  73CA 6F             LD L, A
3754  73CB 11 DC 81         LD DE, Chain0_SlotOffsets
3755  73CE 19               ADD HL, DE
3756  73CF 7E               LD A, (HL)
3757  73D0 5F               LD E, A
3758  73D1 16 00            LD D, 0
3759  73D3 CB 7F            BIT 7, A
3760  73D5 28 01            JR Z, .ucss_offset_pos
3761  73D7 15               DEC D
3762  73D8              .ucss_offset_pos:
3763  73D8 E1               POP HL
3764  73D9 19               ADD HL, DE
3765  73DA              .ucss_t_ready:
3766  73DA CB 7C            BIT 7, H
3767  73DC C2 5A 74         JP NZ, .ucss_invisible                ; t < 0 → шар ещё за стартом
3768  73DF
3769  73DF E5               PUSH HL
3770  73E0 11 6E 0B         LD DE, TRACK_NUM_POINTS
3771  73E3 A7               AND A
3772  73E4 ED 52            SBC HL, DE
3773  73E6 E1               POP HL
3774  73E7 38 03            JR C, .ucss_t_in_range
3775  73E9 21 6D 0B         LD HL, TRACK_NUM_POINTS - 1           ; clamp в финал
3776  73EC              .ucss_t_in_range:
3777  73EC                  ; HL = t. Адрес записи трека = TrackData + 4*t.
3778  73EC 29               ADD HL, HL
3778  73ED 29             ADD HL, HL
3779  73EE 11 9C 96         LD DE, TrackData
3780  73F1 19               ADD HL, DE
3781  73F2
3782  73F2 7E               LD A, (HL)
3782  73F3 D6 0C          SUB 12
3782  73F5 32 6B 80       LD (TmpChainX), A
3782  73F8 23             INC HL          ; ball 24x24 top-left = center-12
3783  73F9 7E               LD A, (HL)
3783  73FA DE 00          SBC A, 0
3783  73FC 32 6C 80       LD (TmpChainX+1), A
3783  73FF 23             INC HL
3784  7400 7E               LD A, (HL)
3784  7401 D6 0C          SUB 12
3784  7403 32 6D 80       LD (TmpChainY), A
3784  7406 23             INC HL
3785  7407 7E               LD A, (HL)
3785  7408 DE 00          SBC A, 0
3785  740A 32 6E 80       LD (TmpChainY+1), A
3786  740D
3787  740D                  ; Цвет = Slots[i] (GAP-cell отсеян выше)
3788  740D 3A 70 80         LD A, (TmpChainIdx)
3789  7410 26 00            LD H, 0
3789  7412 6F             LD L, A
3790  7413 11 EC 80         LD DE, Chain0_Slots
3791  7416 19               ADD HL, DE
3792  7417 7E               LD A, (HL)
3793  7418 32 6F 80         LD (TmpChainColor), A
3794  741B
3795  741B E1               POP HL                                 ; адрес дескриптора
3796  741C 01 AF 15         LD BC, FMADDR
3796  741F 3E 10          LD A, FM_EN
3796  7421 ED 79          OUT (C), A
3797  7423
3798  7423 ED 5B 6D 80      LD DE, (TmpChainY)
3799  7427 73               LD (HL), E
3799  7428 23             INC HL
3800  7429 7A               LD A, D
3800  742A E6 01          AND 1
3800  742C F6 24          OR SPACT+SPSIZ24
3801  742E 77               LD (HL), A
3801  742F 23             INC HL
3802  7430 ED 5B 6B 80      LD DE, (TmpChainX)
3803  7434 73               LD (HL), E
3803  7435 23             INC HL
3804  7436 7A               LD A, D
3804  7437 E6 01          AND 1
3804  7439 F6 04          OR SPSIZ24
3805  743B 77               LD (HL), A
3805  743C 23             INC HL
3806  743D
3807  743D 3A 6F 80         LD A, (TmpChainColor)
3808  7440 57               LD D, A
3808  7441 87             ADD A, A
3808  7442 82             ADD A, D          ; A = COLOR*3 (24×24 stride)
3809  7443 77               LD (HL), A
3809  7444 23             INC HL
3810  7445 3A 6F 80         LD A, (TmpChainColor)
3811  7448 C6 02            ADD A, 2
3812  744A 87               ADD A, A
3812  744B 87             ADD A, A
3812  744C 87             ADD A, A
3812  744D 87             ADD A, A
3813  744E F6 09            OR 9
3814  7450 77               LD (HL), A
3815  7451
3816  7451 01 AF 15         LD BC, FMADDR
3816  7454 AF             XOR A
3816  7455 ED 79          OUT (C), A
3817  7457 C3 79 74         JP .ucss_next
3818  745A
3819  745A              .ucss_invisible:
3820  745A E1               POP HL
3821  745B 01 AF 15         LD BC, FMADDR
3821  745E 3E 10          LD A, FM_EN
3821  7460 ED 79          OUT (C), A
3822  7462 36 2C            LD (HL), #2C
3822  7464 23             INC HL
3823  7465 36 25            LD (HL), SPACT+SPSIZ24+1
3823  7467 23             INC HL
3824  7468 36 00            LD (HL), 0
3824  746A 23             INC HL
3825  746B 36 04            LD (HL), SPSIZ24
3825  746D 23             INC HL
3826  746E 36 00            LD (HL), 0
3826  7470 23             INC HL
3827  7471 36 00            LD (HL), 0
3828  7473 01 AF 15         LD BC, FMADDR
3828  7476 AF             XOR A
3828  7477 ED 79          OUT (C), A
3829  7479
3830  7479              .ucss_next:
3831  7479 3A 70 80         LD A, (TmpChainIdx)
3832  747C 3C               INC A
3833  747D 32 70 80         LD (TmpChainIdx), A
3834  7480 C3 81 73         JP .ucss_loop
3835  7483
3836  7483              ; ================================================================
3837  7483              ; LOAD BALLS DMA PALETTE — копирует 32 CRAM word из BallsDmaPalette
3838  7483              ; в FM-mapped CRAM byte offset 256 (= CRAM #80..#9F).
3839  7483              ; ================================================================
3840  7483              LoadBallsDmaPalette:
3841  7483 01 AF 15         LD BC, FMADDR
3841  7486 3E 10          LD A, FM_EN
3841  7488 ED 79          OUT (C), A
3842  748A 21 80 8A         LD HL, BallsDmaPalette
3843  748D 11 C0 01         LD DE, #01C0                              ; CRAM #E0 word = byte offset 448 = #01C0
3844  7490 01 40 00         LD BC, 64                                 ; 32 words × 2 byte
3845  7493 ED B0            LDIR
3846  7495 01 AF 15         LD BC, FMADDR
3846  7498 AF             XOR A
3846  7499 ED 79          OUT (C), A
3847  749B C9               RET
3848  749C
3849  749C              ; ================================================================
3850  749C              ; CANVAS A=#10..#18, B=#20..#28. Golden=#30..#38. Учебная схема:
3851  749C              ; full copy golden→shadow + blit chain + atomic VPAGE swap в начале vblank.
3852  749C              ; ================================================================
3853  749C              CANVAS_B_PAGE_BASE EQU #20
3854  749C              GOLDEN_PAGE_BASE   EQU #30
3855  749C
3856  749C              ; ================================================================
3857  749C              ; COPY GOLDEN TO SHADOW — DMA 9 страниц фона в текущий shadow buffer.
3858  749C              ; ShadowPageBase обновляется при swap.
3859  749C              ; ================================================================
3860  749C              ; ================================================================
3861  749C              ; UPDATE KZ FRAME — каждый тик: вычислить target frame по дистанции head→kz,
3862  749C              ; продвинуть KzFrame к target, при изменении KzFrame перевыпечь kz в golden
3863  749C              ; (чтобы chain DMA restore читал АКТУАЛЬНЫЙ frame, без stale frame под шарами).
3864  749C              ; State 1/2 → target = full open (= NUM_FRAMES-1).
3865  749C              ; State 0: distance = (TRACK-1) - head_t. Если dist >= KZ_OPEN_DIST → closed (0).
3866  749C              ; Иначе frame = (KZ_OPEN_DIST - dist) / 8 (capped к NUM_FRAMES-1).
3867  749C              ; Roll-back (head_t уменьшается → dist растёт) → target снижается → mouth закрывается.
3868  749C              ; ================================================================
3869  749C              UpdateKzFrame:
3870  749C 3A 15 40         LD A, (GameState)
3871  749F B7               OR A
3872  74A0 28 04            JR Z, .ukf_state0
3873  74A2 3E 09            LD A, KZ_NUM_FRAMES - 1
3874  74A4 18 50            JR .ukf_target_set
3875  74A6
3876  74A6              .ukf_state0:
3877  74A6                  ; head_t = HSA*32 + hsub + offset[0] (signed)
3878  74A6 3A 9C 85         LD A, (Chain0_HeadSlotAbs)
3879  74A9 26 00            LD H, 0
3879  74AB 6F             LD L, A
3880  74AC 29               ADD HL, HL
3880  74AD 29             ADD HL, HL
3880  74AE 29             ADD HL, HL
3881  74AF 29               ADD HL, HL
3881  74B0 29             ADD HL, HL                  ; HL = HSA*32
3882  74B1 3A 9D 85         LD A, (Chain0_HeadSub)
3883  74B4 5F               LD E, A
3883  74B5 16 00          LD D, 0
3884  74B7 19               ADD HL, DE                               ; +hsub
3885  74B8 3A DC 81         LD A, (Chain0_SlotOffsets)
3886  74BB 5F               LD E, A
3886  74BC 16 00          LD D, 0
3887  74BE CB 7F            BIT 7, A
3888  74C0 28 01            JR Z, .ukf_off_pos
3889  74C2 15               DEC D                                    ; sign-extend negative offset
3890  74C3              .ukf_off_pos:
3891  74C3 19               ADD HL, DE                               ; HL = head_t (signed)
3892  74C4 CB 7C            BIT 7, H
3893  74C6 28 03            JR Z, .ukf_have_t
3894  74C8 21 00 00         LD HL, 0                                 ; t<0 → use 0
3895  74CB              .ukf_have_t:
3896  74CB 11 6D 0B         LD DE, TRACK_NUM_POINTS - 1
3897  74CE EB               EX DE, HL
3898  74CF A7               AND A
3899  74D0 ED 52            SBC HL, DE                               ; HL = (TRACK-1) - head_t = distance
3900  74D2 CB 7C            BIT 7, H
3901  74D4 20 1B            JR NZ, .ukf_full_open                    ; dist < 0 → past kz → full open
3902  74D6 7C               LD A, H
3903  74D7 B7               OR A
3904  74D8 20 1B            JR NZ, .ukf_closed                        ; dist >= 256 → closed
3905  74DA 7D               LD A, L
3906  74DB FE 60            CP KZ_OPEN_DIST
3907  74DD 30 16            JR NC, .ukf_closed                        ; dist >= 96 → closed
3908  74DF                  ; A = dist 0..95. frame = (96 - dist) / 8 (capped 0..9)
3909  74DF 47               LD B, A
3910  74E0 3E 60            LD A, KZ_OPEN_DIST
3911  74E2 90               SUB B                                    ; A = 96 - dist (1..96)
3912  74E3 CB 3F            SRL A
3912  74E5 CB 3F          SRL A
3912  74E7 CB 3F          SRL A                    ; / 8 (0..12)
3913  74E9 FE 0A            CP KZ_NUM_FRAMES
3914  74EB 38 09            JR C, .ukf_target_set
3915  74ED 3E 09            LD A, KZ_NUM_FRAMES - 1
3916  74EF 18 05            JR .ukf_target_set
3917  74F1
3918  74F1              .ukf_full_open:
3919  74F1 3E 09            LD A, KZ_NUM_FRAMES - 1
3920  74F3 18 01            JR .ukf_target_set
3921  74F5
3922  74F5              .ukf_closed:
3923  74F5 AF               XOR A
3924  74F6
3925  74F6              .ukf_target_set:
3926  74F6 32 52 80         LD (KzTargetFrame), A
3927  74F9
3928  74F9                  ; Animation: каждые KZ_FRAME_DELAY тиков двигаем KzFrame к KzTargetFrame на 1.
3929  74F9 3A 51 80         LD A, (KzFrameWait)
3930  74FC 3C               INC A
3931  74FD FE 04            CP KZ_FRAME_DELAY
3932  74FF 38 1A            JR C, .ukf_save_wait
3933  7501 AF               XOR A
3934  7502 32 51 80         LD (KzFrameWait), A
3935  7505 3A 50 80         LD A, (KzFrame)
3936  7508 47               LD B, A
3937  7509 3A 52 80         LD A, (KzTargetFrame)
3938  750C B8               CP B
3939  750D 28 0F            JR Z, .ukf_check_burn                    ; same — нечего двигать
3940  750F 38 03            JR C, .ukf_dec
3941  7511 04               INC B
3942  7512 18 01            JR .ukf_save_frame
3943  7514              .ukf_dec:
3944  7514 05               DEC B
3945  7515              .ukf_save_frame:
3946  7515 78               LD A, B
3947  7516 32 50 80         LD (KzFrame), A
3948  7519 18 03            JR .ukf_check_burn
3949  751B              .ukf_save_wait:
3950  751B 32 51 80         LD (KzFrameWait), A
3951  751E
3952  751E              .ukf_check_burn:
3953  751E                  ; Re-burn НЕ нужен — sun (DMA) static, не меняется. Skull (TSU) меняется через
3954  751E                  ; descriptor TNUM, golden остаётся с sun-only burn'ом.
3955  751E C9               RET
3956  751F
3957  751F              ; ================================================================
3958  751F              ; ONE-TIME BLIT KZ TO GOLDEN — выпекает kz pixels в golden pages #30..#38
3959  751F              ; ОДИН раз в init. После этого chain DMA PASS1 restore (читает golden) выдаёт
3960  751F              ; track+kz, не только track. Шары в kz-зоне восстанавливаются корректно, без
3961  751F              ; «track-цветных дыр» в килл-зоне на местах prev ball positions.
3962  751F              ;
3963  751F              ; Реализация: подменяем ShadowPageBase на GOLDEN_PAGE_BASE и BcsGoldenOff=0
3964  751F              ; (= source page = ShadowPageBase + BcsGoldenOff = #30 = golden), вызываем
3965  751F              ; BlitKillzoneToShadow. KzRestoreHalf делает golden→golden = no-op, KzBlitHalf
3966  751F              ; пишет kz src page → golden. Возвращаем переменные обратно.
3967  751F              ; ================================================================
3968  751F              OneTimeBlitKzToGolden:
3969  751F 3A 14 40         LD A, (ShadowPageBase)
3970  7522 F5               PUSH AF
3971  7523 3A 06 40         LD A, (BcsGoldenOff)
3972  7526 F5               PUSH AF
3973  7527 3E 30            LD A, GOLDEN_PAGE_BASE
3974  7529 32 14 40         LD (ShadowPageBase), A
3975  752C AF               XOR A
3976  752D 32 06 40         LD (BcsGoldenOff), A
3977  7530 CD C0 79         CALL BlitKillzoneToShadow
3978  7533 F1               POP AF
3979  7534 32 06 40         LD (BcsGoldenOff), A
3980  7537 F1               POP AF
3981  7538 32 14 40         LD (ShadowPageBase), A
3982  753B C9               RET
3983  753C
3984  753C              ; ================================================================
3985  753C              ; UPDATE GAME OVER TEXT — записывает 7 TSU sprites 32×32 в DESC_CHAIN0[0..6]
3986  753C              ; (= reuse chain TSU descriptors, в state 2 chain пуст и hidden). Каждый sprite =
3987  753C              ; одна 32-px секция текста "GAME OVER", вместе 7×32=224 px wide centered (X=68).
3988  753C              ; TNUM = GAMEOVER_TNUM_BASE + N*4 (sprite N в carpet col N*4 page #0D rows 4..7).
3989  753C              ; SPAL=4 (yellow CRAM #40..#4F).
3990  753C              ; ================================================================
3991  753C              UpdateGameOverText:
3992  753C 21 00 0E         LD HL, GAMEOVER_TNUM_BASE
3993  753F 18 09            JR DrawTextOverlay
3994  7541
3995  7541              UpdateLevelIntroText:
3996  7541                  ; Главный заголовок 64×64 LEVEL 1-1 (TNUM 3584+N*8).
3997  7541 21 00 0E         LD HL, LVLINTRO_TNUM_BASE
3998  7544 CD 4A 75         CALL DrawTextOverlay
3999  7547                  ; Подзаголовок SPIRAL OF DOOM 64×32 — 5 scattered sprites под LEVEL 1-1.
4000  7547 C3 A5 75         JP DrawSubtitleText
4001  754A
4002  754A              ; HL = TNUM_base. Draws TEXT_NUM_SPRITES sprites of 64×64 в DESC_CHAIN0[0..N-1].
4003  754A              DrawTextOverlay:
4004  754A 22 1C 40         LD (TmpGoTNumBase), HL
4005  754D 01 AF 15         LD BC, FMADDR
4005  7550 3E 10          LD A, FM_EN
4005  7552 ED 79          OUT (C), A
4006  7554 21 14 00         LD HL, TEXT_X
4007  7557 22 19 40         LD (TmpGoX), HL
4008  755A AF               XOR A
4009  755B 32 1B 40         LD (TmpGoTNumOffs), A
4010  755E 21 18 02         LD HL, DESC_CHAIN0
4011  7561 06 05            LD B, TEXT_NUM_SPRITES
4012  7563              .dto_loop:
4013  7563 36 70            LD (HL), LOW(TEXT_Y)
4013  7565 23             INC HL
4014  7566 36 2E            LD (HL), HIGH(TEXT_Y) | SPACT | SPSIZ64
4014  7568 23             INC HL    ; Y_H + ACT + SIZE64 vert
4015  7569
4016  7569 3A 19 40         LD A, (TmpGoX)
4017  756C 77               LD (HL), A
4017  756D 23             INC HL                                  ; X_L
4018  756E 3A 1A 40         LD A, (TmpGoX+1)
4019  7571 E6 01            AND 1
4020  7573 F6 0E            OR SPSIZ64
4021  7575 77               LD (HL), A
4021  7576 23             INC HL                                  ; X_H + SIZE64 horiz
4022  7577
4023  7577 3A 1B 40         LD A, (TmpGoTNumOffs)
4024  757A ED 5B 1C 40      LD DE, (TmpGoTNumBase)
4025  757E 83               ADD A, E
4026  757F 77               LD (HL), A
4026  7580 23             INC HL                                  ; TNUM_L = base_low + offset
4027  7581 7A               LD A, D
4028  7582 E6 0F            AND #0F
4029  7584 F6 50            OR TEXT_SPAL << 4                                    ; SPAL upper nibble
4030  7586 77               LD (HL), A
4030  7587 23             INC HL                                  ; TNUM_H | SPAL<<4
4031  7588
4032  7588 E5               PUSH HL
4033  7589 2A 19 40         LD HL, (TmpGoX)
4034  758C 11 40 00         LD DE, TEXT_SPRITE_W
4035  758F 19               ADD HL, DE
4036  7590 22 19 40         LD (TmpGoX), HL
4037  7593 3A 1B 40         LD A, (TmpGoTNumOffs)
4037  7596 C6 08          ADD A, 8
4037  7598 32 1B 40       LD (TmpGoTNumOffs), A
4038  759B E1               POP HL
4039  759C
4040  759C 10 C5            DJNZ .dto_loop
4041  759E 01 AF 15         LD BC, FMADDR
4041  75A1 AF             XOR A
4041  75A2 ED 79          OUT (C), A
4042  75A4 C9               RET
4043  75A5
4044  75A5              ; ================================================================
4045  75A5              ; DRAW SUBTITLE TEXT — "SPIRAL OF DOOM" 5 sprites 64×32 при scattered
4046  75A5              ; TNUMs в page #0D (cx=40..63, cy=0..7). На экране размещены горизонтально
4047  75A5              ; (5 × 64 = 320 px wide, центрированы) при Y = SUBTITLE_Y. SPAL=5.
4048  75A5              ; Использует DESC_CHAIN0[5..9] (TEXT_NUM_SPRITES = 5 первых заняты главным).
4049  75A5              ; ================================================================
4050  75A5              DrawSubtitleText:
4051  75A5 01 AF 15         LD BC, FMADDR
4051  75A8 3E 10          LD A, FM_EN
4051  75AA ED 79          OUT (C), A
4052  75AC 21 36 02         LD HL, DESC_CHAIN0 + TEXT_NUM_SPRITES * 6           ; descriptor offset = 5*6=30
4053  75AF DD 21 EA 75      LD IX, .subtitle_tnums
4054  75B3 06 05            LD B, 5                                              ; 5 sprites
4055  75B5 11 14 00         LD DE, TEXT_X                                        ; current screen X
4056  75B8              .dst_loop:
4057  75B8 36 B8            LD (HL), LOW(SUBTITLE_Y)
4057  75BA 23             INC HL
4058  75BB 36 26            LD (HL), HIGH(SUBTITLE_Y) | SPACT | SPSIZ32
4058  75BD 23             INC HL ; Y_H + ACT + SIZE32 vert (= 32 tall)
4059  75BE
4060  75BE 7B               LD A, E
4061  75BF 77               LD (HL), A
4061  75C0 23             INC HL                                  ; X_L
4062  75C1 7A               LD A, D
4063  75C2 E6 01            AND 1
4064  75C4 F6 0E            OR SPSIZ64
4065  75C6 77               LD (HL), A
4065  75C7 23             INC HL                                  ; X_H + SIZE64 horiz
4066  75C8
4067  75C8 DD 7E 00         LD A, (IX+0)
4068  75CB 77               LD (HL), A
4068  75CC 23             INC HL                                  ; TNUM_L from table
4069  75CD DD 7E 01         LD A, (IX+1)
4070  75D0 E6 0F            AND #0F
4071  75D2 F6 50            OR TEXT_SPAL << 4
4072  75D4 77               LD (HL), A
4072  75D5 23             INC HL                                  ; TNUM_H | SPAL<<4
4073  75D6
4074  75D6 DD 23            INC IX
4074  75D8 DD 23          INC IX
4075  75DA E5               PUSH HL
4076  75DB 21 40 00         LD HL, TEXT_SPRITE_W                                 ; +64 px
4077  75DE 19               ADD HL, DE
4078  75DF EB               EX DE, HL                                            ; DE = new X
4079  75E0 E1               POP HL
4080  75E1 10 D5            DJNZ .dst_loop
4081  75E3 01 AF 15         LD BC, FMADDR
4081  75E6 AF             XOR A
4081  75E7 ED 79          OUT (C), A
4082  75E9 C9               RET
4083  75EA
4084  75EA              .subtitle_tnums:
4085  75EA 28 0E            DW SUBTITLE_TNUM_0
4086  75EC 30 0E            DW SUBTITLE_TNUM_1
4087  75EE 38 0E            DW SUBTITLE_TNUM_2
4088  75F0 28 0F            DW SUBTITLE_TNUM_3
4089  75F2 30 0F            DW SUBTITLE_TNUM_4
4090  75F4
4091  75F4              ; ================================================================
4092  75F4              ; COPY ATLAS TO PAGE D — LDIR copy 16K из source page → page #0D через
4093  75F4              ; временный swap slot 2 (= src) и slot 3 (= dst).
4094  75F4              ; A = source page (#50 = GAME OVER, #51 = LEVEL INTRO).
4095  75F4              ; DMA-режимы с прозрачностью src=0 не подходят: source-атлас содержит
4096  75F4              ; много нулевых пикселей (background текста) → они не переписали бы
4097  75F4              ; ячейки в page #0D, и предыдущий LEVEL 1-1 атлас просвечивал бы.
4098  75F4              ; LDIR — full-byte copy, гарантированно перезаписывает.
4099  75F4              ; DI обязательно: slot 3 временно мапится в #0D, стек (норм. в #C000+)
4100  75F4              ; на время недоступен. После — restore slot 2=#02, slot 3=#0C.
4101  75F4              ; ================================================================
4102  75F4              CopyAtlasToPageD:
4103  75F4 F3               DI
4104  75F5 32 22 76         LD (.cat_src), A
4105  75F8 3A 22 76         LD A, (.cat_src)
4105  75FB 01 AF 12       LD BC, PAGE2
4105  75FE ED 79          OUT (C), A    ; slot 2 ← source page
4106  7600 3E 0D            LD A, #0D
4106  7602 01 AF 13       LD BC, PAGE3
4106  7605 ED 79          OUT (C), A     ; slot 3 ← dest page #0D
4107  7607 21 00 80         LD HL, #8000
4108  760A 11 00 C0         LD DE, #C000
4109  760D 01 00 40         LD BC, #4000                                     ; 16K
4110  7610 ED B0            LDIR
4111  7612 3E 02            LD A, 2
4111  7614 01 AF 12       LD BC, PAGE2
4111  7617 ED 79          OUT (C), A           ; restore slot 2 = page 2
4112  7619 3E 0C            LD A, #0C
4112  761B 01 AF 13       LD BC, PAGE3
4112  761E ED 79          OUT (C), A           ; restore slot 3 = page #0C (track overflow + stack)
4113  7620 FB               EI
4114  7621 C9               RET
4115  7622 00           .cat_src: DB 0
4116  7623
4117  7623              CopyGoldenToShadow:
4118  7623 01 AF 15         LD BC, FMADDR
4118  7626 AF             XOR A
4118  7627 ED 79          OUT (C), A
4119  7629 3E FF            LD A, 256-1
4119  762B 01 AF 26       LD BC, DMALEN
4119  762E ED 79          OUT (C), A   ; burst = 256 words = 512 byte (1 строка)
4120  7630 3E 1F            LD A, 32-1
4120  7632 01 AF 28       LD BC, DMANUM
4120  7635 ED 79          OUT (C), A   ; 32 строки = 16K = 1 страница
4121  7637
4122  7637 3E 30            LD A, GOLDEN_PAGE_BASE
4122  7639 32 94 76       LD (.cgs_src), A
4123  763C 3A 14 40         LD A, (ShadowPageBase)
4123  763F 32 95 76       LD (.cgs_dst), A
4124  7642 3E 09            LD A, 9
4124  7644 32 96 76       LD (.cgs_cnt), A
4125  7647              .cgs_loop:
4126  7647 AF               XOR A
4126  7648 01 AF 1A       LD BC, DMASADL
4126  764B ED 79          OUT (C), A
4127  764D AF               XOR A
4127  764E 01 AF 1B       LD BC, DMASADH
4127  7651 ED 79          OUT (C), A
4128  7653 3A 94 76         LD A, (.cgs_src)
4128  7656 01 AF 1C       LD BC, DMASADX
4128  7659 ED 79          OUT (C), A
4129  765B AF               XOR A
4129  765C 01 AF 1D       LD BC, DMADADL
4129  765F ED 79          OUT (C), A
4130  7661 AF               XOR A
4130  7662 01 AF 1E       LD BC, DMADADH
4130  7665 ED 79          OUT (C), A
4131  7667 3A 95 76         LD A, (.cgs_dst)
4131  766A 01 AF 1F       LD BC, DMADADX
4131  766D ED 79          OUT (C), A
4132  766F 3E B9            LD A, DMA_BLT_8BPP_MODE
4132  7671 01 AF 27       LD BC, DMACTR
4132  7674 ED 79          OUT (C), A
4133  7676              .cgs_wait:
4134  7676 ED 78            IN A, (C)
4135  7678 E6 80            AND DMAWNR
4136  767A 20 FA            JR NZ, .cgs_wait
4137  767C 3A 94 76         LD A, (.cgs_src)
4137  767F 3C             INC A
4137  7680 32 94 76       LD (.cgs_src), A
4138  7683 3A 95 76         LD A, (.cgs_dst)
4138  7686 3C             INC A
4138  7687 32 95 76       LD (.cgs_dst), A
4139  768A 3A 96 76         LD A, (.cgs_cnt)
4139  768D 3D             DEC A
4139  768E 32 96 76       LD (.cgs_cnt), A
4140  7691 20 B4            JR NZ, .cgs_loop
4141  7693 C9               RET
4142  7694 00           .cgs_src: DB 0
4143  7695 00           .cgs_dst: DB 0
4144  7696 00           .cgs_cnt: DB 0
4145  7697
4146  7697              ; ================================================================
4147  7697              ; BLIT CHAIN TO SHADOW — три прохода:
4148  7697              ;   PRE:   BcsPreClassify заполняет SkipFlag[i] и кэш геометрии для DRAW.
4149  7697              ;   PASS1: restore prev positions, НО только если SkipFlag != PRESERVE.
4150  7697              ;          Это сохраняет хвост в shadow при cascade roll-back (HSA-i<0 / t<0).
4151  7697              ;   PASS2: для DRAW — blit из кэша + сохранить новый prev. DESTROY — invalidate.
4152  7697              ;          PRESERVE — не трогать prev/shadow.
4153  7697              ; Двух-pass нужен чтобы не "выгрызать" outline соседним restore'ом.
4154  7697              ; ================================================================
4155  7697              BlitChainToShadow:
4156  7697                  ; --- Выбор golden offset по текущему shadow buffer ---
4157  7697                  ; BcsGoldenOff читается KzRestoreHalf в BlitKillzoneToShadow → setup обязателен
4158  7697                  ; даже когда chain DMA отключён (chain рисуется TSU).
4159  7697 3A 14 40         LD A, (ShadowPageBase)
4160  769A FE 10            CP CANVAS_A_PAGE_BASE
4161  769C 20 07            JR NZ, .bcs_use_b
4162  769E 3E 20            LD A, #20
4162  76A0 32 06 40       LD (BcsGoldenOff), A           ; canvas A → golden = +#20
4163  76A3 18 05            JR .bcs_have
4164  76A5              .bcs_use_b:
4165  76A5 3E 10            LD A, #10
4165  76A7 32 06 40       LD (BcsGoldenOff), A           ; canvas B → golden = +#10
4166  76AA              .bcs_have:
4167  76AA
4168  76AA                  ; Chain рендерится DMA (= partial-clip для entry-zone trackpoints с y<0,
4169  76AA                  ; шары вылезают из-за верхнего края канваса). UpdateChainTSUSprites больше не
4170  76AA                  ; вызывается — TSU chain слоты держатся off-screen через HideChainSprites.
4171  76AA 01 AF 15         LD BC, FMADDR
4171  76AD AF             XOR A
4171  76AE ED 79          OUT (C), A        ; FM_EN=0 для DMA
4172  76B0 3E 09            LD A, DMA_BURST_WORDS-1
4172  76B2 01 AF 26       LD BC, DMALEN
4172  76B5 ED 79          OUT (C), A   ; 9 words burst
4173  76B7                  ; DMANUM ставится индивидуально каждым blit/restore (partial-blit: переменное число строк)
4174  76B7
4175  76B7                  ; --- PRE-PASS: классификация slot'ов и кэш геометрии для DRAW ---
4176  76B7 CD 3D 78         CALL BcsPreClassify
4177  76BA
4178  76BA                  ; ===================== PASS 1: restore prev (только !PRESERVE) =====================
4179  76BA 3A 14 40         LD A, (ShadowPageBase)
4180  76BD FE 10            CP CANVAS_A_PAGE_BASE
4181  76BF 20 0A            JR NZ, .p1_use_b
4182  76C1 DD 21 1E 40      LD IX, ChainPrevDstA
4183  76C5 FD 21 DE 43      LD IY, ChainPrevValidA
4184  76C9 18 08            JR .p1_start
4185  76CB              .p1_use_b:
4186  76CB DD 21 CE 44      LD IX, ChainPrevDstB
4187  76CF FD 21 8E 48      LD IY, ChainPrevValidB
4188  76D3              .p1_start:
4189  76D3 21 7E 49         LD HL, BcsSkipFlag
4190  76D6 06 F0            LD B, MAX_CHAIN_BALLS
4191  76D8              .p1_loop:
4192  76D8 C5               PUSH BC
4193  76D9 E5               PUSH HL
4194  76DA FD 7E 00         LD A, (IY+0)
4195  76DD B7               OR A
4196  76DE 28 50            JR Z, .p1_skip                            ; PrevValid=0 — нечего restore
4197  76E0 7E               LD A, (HL)
4198  76E1 FE 02            CP BCS_PRESERVE
4199  76E3 28 4B            JR Z, .p1_skip                            ; PRESERVE — оставляем шар в shadow
4200  76E5
4201  76E5                  ; restore: golden и shadow на одной X/Y зоне → src/dst low/mid одинаковы,
4202  76E5                  ; различаются только page (golden = shadow + BcsGoldenOff).
4203  76E5 DD 7E 00         LD A, (IX+0)
4203  76E8 01 AF 1A       LD BC, DMASADL
4203  76EB ED 79          OUT (C), A
4204  76ED DD 7E 01         LD A, (IX+1)
4204  76F0 01 AF 1B       LD BC, DMASADH
4204  76F3 ED 79          OUT (C), A
4205  76F5 DD 7E 02         LD A, (IX+2)
4206  76F8 47               LD B, A
4207  76F9 3A 06 40         LD A, (BcsGoldenOff)
4208  76FC 80               ADD A, B
4209  76FD 01 AF 1C         LD BC, DMASADX
4209  7700 ED 79          OUT (C), A
4210  7702 DD 7E 00         LD A, (IX+0)
4210  7705 01 AF 1D       LD BC, DMADADL
4210  7708 ED 79          OUT (C), A
4211  770A DD 7E 01         LD A, (IX+1)
4211  770D 01 AF 1E       LD BC, DMADADH
4211  7710 ED 79          OUT (C), A
4212  7712 DD 7E 02         LD A, (IX+2)
4212  7715 01 AF 1F       LD BC, DMADADX
4212  7718 ED 79          OUT (C), A
4213  771A DD 7E 03         LD A, (IX+3)
4213  771D 3D             DEC A
4213  771E 01 AF 28       LD BC, DMANUM
4213  7721 ED 79          OUT (C), A   ; num_lines-1 (под partial-blit)
4214  7723 3E B9            LD A, DMA_BLT_8BPP_MODE
4214  7725 01 AF 27       LD BC, DMACTR
4214  7728 ED 79          OUT (C), A
4215  772A              .p1_wait:
4216  772A ED 78            IN A, (C)
4217  772C E6 80            AND DMAWNR
4218  772E 20 FA            JR NZ, .p1_wait
4219  7730
4220  7730              .p1_skip:
4221  7730 E1               POP HL
4222  7731 23               INC HL
4223  7732 01 04 00         LD BC, 4
4223  7735 DD 09          ADD IX, BC
4224  7737 FD 23            INC IY
4225  7739 C1               POP BC
4226  773A 10 9C            DJNZ .p1_loop
4227  773C
4228  773C                  ; ===================== PASS 2: blit DRAW (из кэша), invalidate DESTROY, не трогать PRESERVE
4229  773C 3A 14 40         LD A, (ShadowPageBase)
4230  773F FE 10            CP CANVAS_A_PAGE_BASE
4231  7741 20 0A            JR NZ, .p2_use_b
4232  7743 DD 21 1E 40      LD IX, ChainPrevDstA
4233  7747 FD 21 DE 43      LD IY, ChainPrevValidA
4234  774B 18 08            JR .p2_start
4235  774D              .p2_use_b:
4236  774D DD 21 CE 44      LD IX, ChainPrevDstB
4237  7751 FD 21 8E 48      LD IY, ChainPrevValidB
4238  7755              .p2_start:
4239  7755 AF               XOR A
4239  7756 32 70 80       LD (TmpChainIdx), A
4240  7759              .bcs_loop:
4241  7759 3A 70 80         LD A, (TmpChainIdx)
4242  775C FE F0            CP MAX_CHAIN_BALLS
4243  775E D2 3C 78         JP NC, .bcs_done
4244  7761
4245  7761                  ; flag = SkipFlag[i]
4246  7761 26 00            LD H, 0
4246  7763 6F             LD L, A
4247  7764 11 7E 49         LD DE, BcsSkipFlag
4248  7767 19               ADD HL, DE
4249  7768 7E               LD A, (HL)
4250  7769 B7               OR A                                       ; BCS_DRAW=0
4251  776A CA 7C 77         JP Z, .bcs_draw
4252  776D FE 01            CP BCS_DESTROY
4253  776F CA 75 77         JP Z, .bcs_destroy
4254  7772                  ; PRESERVE: prev не трогаем
4255  7772 C3 2B 78         JP .bcs_advance
4256  7775
4257  7775              .bcs_destroy:
4258  7775 FD 36 00 00      LD (IY+0), 0
4259  7779 C3 2B 78         JP .bcs_advance
4260  777C
4261  777C              .bcs_draw:
4262  777C                  ; HL ← &BcsCacheStruct[i*6]; загружаем кэш в Bcs* temp vars
4263  777C 3A 70 80         LD A, (TmpChainIdx)
4264  777F 26 00            LD H, 0
4264  7781 6F             LD L, A
4265  7782 54               LD D, H
4265  7783 5D             LD E, L                          ; DE = i
4266  7784 29               ADD HL, HL                                 ; HL = i*2
4267  7785 19               ADD HL, DE                                 ; HL = i*3
4268  7786 29               ADD HL, HL                                 ; HL = i*6
4269  7787 11 6E 4A         LD DE, BcsCacheStruct
4270  778A 19               ADD HL, DE
4271  778B 7E               LD A, (HL)
4271  778C 32 00 40       LD (BcsDstLow),    A
4271  778F 23             INC HL
4272  7790 7E               LD A, (HL)
4272  7791 32 01 40       LD (BcsDstMid),    A
4272  7794 23             INC HL
4273  7795 7E               LD A, (HL)
4273  7796 32 02 40       LD (BcsPageOver),  A
4273  7799 23             INC HL
4274  779A 7E               LD A, (HL)
4274  779B 32 09 40       LD (BcsNumLines),  A
4274  779E 23             INC HL
4275  779F 7E               LD A, (HL)
4275  77A0 32 07 40       LD (BcsClipTop),   A
4275  77A3 23             INC HL
4276  77A4 7E               LD A, (HL)
4276  77A5 32 0A 40       LD (BcsXOdd),      A
4277  77A8
4278  77A8                  ; --- DMA setup: NumLines-1, src offset = ClipTop*512 ---
4279  77A8 3A 09 40         LD A, (BcsNumLines)
4279  77AB 3D             DEC A
4279  77AC 01 AF 28       LD BC, DMANUM
4279  77AF ED 79          OUT (C), A
4280  77B1 AF               XOR A
4280  77B2 01 AF 1A       LD BC, DMASADL
4280  77B5 ED 79          OUT (C), A
4281  77B7 3A 07 40         LD A, (BcsClipTop)
4282  77BA 87               ADD A, A                                  ; src_high = ClipTop * 2
4283  77BB 01 AF 1B         LD BC, DMASADH
4283  77BE ED 79          OUT (C), A
4284  77C0
4285  77C0                  ; --- src page: (XOdd ? ODD : EVEN) + color ---
4286  77C0 3A 70 80         LD A, (TmpChainIdx)
4287  77C3 26 00            LD H, 0
4287  77C5 6F             LD L, A
4288  77C6 11 EC 80         LD DE, Chain0_Slots
4289  77C9 19               ADD HL, DE
4290  77CA 7E               LD A, (HL)
4291  77CB E6 07            AND 7                                     ; защита: цвет 0..5
4292  77CD 47               LD B, A
4293  77CE 3A 0A 40         LD A, (BcsXOdd)
4294  77D1 B7               OR A
4295  77D2 28 04            JR Z, .bcs_src_even
4296  77D4 3E 48            LD A, BALLS_DMA_ODD_PAGE
4297  77D6 18 02            JR .bcs_src_have
4298  77D8              .bcs_src_even:
4299  77D8 3E 40            LD A, BALLS_DMA_EVEN_PAGE
4300  77DA              .bcs_src_have:
4301  77DA 80               ADD A, B
4302  77DB 01 AF 1C         LD BC, DMASADX
4302  77DE ED 79          OUT (C), A
4303  77E0
4304  77E0                  ; --- dst (текущий shadow) ---
4305  77E0 3A 00 40         LD A, (BcsDstLow)
4305  77E3 01 AF 1D       LD BC, DMADADL
4305  77E6 ED 79          OUT (C), A
4306  77E8 3A 01 40         LD A, (BcsDstMid)
4306  77EB 01 AF 1E       LD BC, DMADADH
4306  77EE ED 79          OUT (C), A
4307  77F0 3A 02 40         LD A, (BcsPageOver)
4308  77F3 47               LD B, A
4309  77F4 3A 14 40         LD A, (ShadowPageBase)
4310  77F7 80               ADD A, B
4311  77F8 01 AF 1F         LD BC, DMADADX
4311  77FB ED 79          OUT (C), A
4312  77FD
4313  77FD 3E B9            LD A, DMA_BLT_8BPP_MODE
4313  77FF 01 AF 27       LD BC, DMACTR
4313  7802 ED 79          OUT (C), A
4314  7804              .bcs_blit_wait:
4315  7804 ED 78            IN A, (C)
4316  7806 E6 80            AND DMAWNR
4317  7808 20 FA            JR NZ, .bcs_blit_wait
4318  780A
4319  780A                  ; --- save new dst as prev ---
4320  780A 3A 00 40         LD A, (BcsDstLow)
4320  780D DD 77 00       LD (IX+0), A
4321  7810 3A 01 40         LD A, (BcsDstMid)
4321  7813 DD 77 01       LD (IX+1), A
4322  7816 3A 02 40         LD A, (BcsPageOver)
4323  7819 47               LD B, A
4324  781A 3A 14 40         LD A, (ShadowPageBase)
4325  781D 80               ADD A, B
4326  781E DD 77 02         LD (IX+2), A
4327  7821 3A 09 40         LD A, (BcsNumLines)
4327  7824 DD 77 03       LD (IX+3), A
4328  7827 FD 36 00 01      LD (IY+0), 1
4329  782B
4330  782B              .bcs_advance:
4331  782B 01 04 00         LD BC, 4
4332  782E DD 09            ADD IX, BC
4333  7830 FD 23            INC IY
4334  7832 3A 70 80         LD A, (TmpChainIdx)
4335  7835 3C               INC A
4336  7836 32 70 80         LD (TmpChainIdx), A
4337  7839 C3 59 77         JP .bcs_loop
4338  783C              .bcs_done:
4339  783C C9               RET
4340  783D
4341  783D              ; ================================================================
4342  783D              ; BcsPreClassify — для каждого slot 0..MAX_CHAIN_BALLS-1:
4343  783D              ;   - i >= SlotsLen      → DESTROY
4344  783D              ;   - Slots[i] is GAP    → DESTROY
4345  783D              ;   - HSA-i < 0          → PRESERVE  (cascade roll-back, шар "за стартом")
4346  783D              ;   - t < 0              → PRESERVE  (HeadSub overflow)
4347  783D              ;   - off-canvas (X/Y)   → PRESERVE  (визуально невидимо, но ball ещё logical)
4348  783D              ;   - иначе              → DRAW + кэш геометрии в BcsCacheStruct[i*6..i*6+5]
4349  783D              ; ================================================================
4350  783D              BcsPreClassify:
4351  783D AF               XOR A
4351  783E 32 70 80       LD (TmpChainIdx), A
4352  7841 06 F0            LD B, MAX_CHAIN_BALLS
4353  7843              .bpc_loop:
4354  7843 C5               PUSH BC
4355  7844
4356  7844                  ; --- Test 1: i >= SlotsLen ---
4357  7844 3A 70 80         LD A, (TmpChainIdx)
4358  7847 21 9E 85         LD HL, Chain0_SlotsLen
4359  784A BE               CP (HL)
4360  784B D2 9E 79         JP NC, .bpc_destroy
4361  784E
4362  784E                  ; --- Test 2: Slots[i] is GAP color ---
4363  784E 3A 70 80         LD A, (TmpChainIdx)
4364  7851 26 00            LD H, 0
4364  7853 6F             LD L, A
4365  7854 11 EC 80         LD DE, Chain0_Slots
4366  7857 19               ADD HL, DE
4367  7858 7E               LD A, (HL)
4368  7859 FE 06            CP NUM_BALL_COLORS
4369  785B D2 9E 79         JP NC, .bpc_destroy                       ; >= NUM_BALL_COLORS = GAP_STOP/GAP_CASCADE/etc
4370  785E
4371  785E                  ; --- Test 2b: Exploding слот → DMA скрывается, рисуется TSU destroy через UpdateExplodeSprites ---
4372  785E 3A 70 80         LD A, (TmpChainIdx)
4373  7861 26 00            LD H, 0
4373  7863 6F             LD L, A
4374  7864 11 BC 83         LD DE, Chain0_ExplodingFrame
4375  7867 19               ADD HL, DE
4376  7868 7E               LD A, (HL)
4377  7869 B7               OR A
4378  786A C2 9E 79         JP NZ, .bpc_destroy                        ; ExplodingFrame > 0 → DMA не рисует, TSU перекрывает
4379  786D
4380  786D                  ; --- Test 3: HSA - i < 0 ---
4381  786D 3A 9C 85         LD A, (Chain0_HeadSlotAbs)
4382  7870 21 70 80         LD HL, TmpChainIdx
4383  7873 96               SUB (HL)
4384  7874 DA A3 79         JP C, .bpc_preserve
4385  7877
4386  7877 26 00            LD H, 0
4387  7879 6F               LD L, A
4388  787A 29               ADD HL, HL
4388  787B 29             ADD HL, HL
4388  787C 29             ADD HL, HL
4389  787D 29               ADD HL, HL
4389  787E 29             ADD HL, HL                    ; HL = (HSA-i)*32
4390  787F
4391  787F 3A 9D 85         LD A, (Chain0_HeadSub)
4392  7882 5F               LD E, A
4392  7883 16 00          LD D, 0
4393  7885 19               ADD HL, DE                                 ; +HeadSub
4394  7886
4395  7886 E5               PUSH HL
4396  7887 3A 70 80         LD A, (TmpChainIdx)
4397  788A 26 00            LD H, 0
4397  788C 6F             LD L, A
4398  788D 11 DC 81         LD DE, Chain0_SlotOffsets
4399  7890 19               ADD HL, DE
4400  7891 7E               LD A, (HL)
4401  7892 5F               LD E, A
4401  7893 16 00          LD D, 0
4402  7895 CB 7F            BIT 7, A
4403  7897 28 01            JR Z, .bpc_so_pos
4404  7899 15               DEC D                                      ; sign-extend negative SlotOffset
4405  789A              .bpc_so_pos:
4406  789A E1               POP HL
4407  789B 19               ADD HL, DE                                 ; HL = t (signed)
4408  789C CB 7C            BIT 7, H
4409  789E C2 A3 79         JP NZ, .bpc_preserve                       ; t < 0 → PRESERVE
4410  78A1
4411  78A1                  ; Clamp t to TRACK_NUM_POINTS-1 (чтобы хвост на конце трека не лез за границу)
4412  78A1 E5               PUSH HL
4413  78A2 11 6E 0B         LD DE, TRACK_NUM_POINTS
4414  78A5 A7               AND A
4415  78A6 ED 52            SBC HL, DE
4416  78A8 E1               POP HL
4417  78A9 38 03            JR C, .bpc_t_in
4418  78AB 21 6D 0B         LD HL, TRACK_NUM_POINTS - 1
4419  78AE              .bpc_t_in:
4420  78AE 29               ADD HL, HL
4420  78AF 29             ADD HL, HL                    ; t*4 (TrackData stride)
4421  78B0 11 9C 96         LD DE, TrackData
4422  78B3 19               ADD HL, DE
4423  78B4 7E               LD A, (HL)
4423  78B5 D6 0A          SUB DMA_SPRITE_HALF
4423  78B7 32 6B 80       LD (TmpChainX), A
4423  78BA 23             INC HL
4424  78BB 7E               LD A, (HL)
4424  78BC DE 00          SBC A, 0
4424  78BE 32 6C 80       LD (TmpChainX+1), A
4424  78C1 23             INC HL
4425  78C2 7E               LD A, (HL)
4425  78C3 D6 0A          SUB DMA_SPRITE_HALF
4425  78C5 32 6D 80       LD (TmpChainY), A
4425  78C8 23             INC HL
4426  78C9 7E               LD A, (HL)
4426  78CA DE 00          SBC A, 0
4426  78CC 32 6E 80       LD (TmpChainY+1), A
4427  78CF
4428  78CF                  ; --- Horizontal: X out of [0..DMA_X_MAX-1] → PRESERVE ---
4429  78CF 2A 6B 80         LD HL, (TmpChainX)
4430  78D2 CB 7C            BIT 7, H
4431  78D4 C2 A3 79         JP NZ, .bpc_preserve
4432  78D7 11 56 01         LD DE, DMA_X_MAX
4433  78DA A7               AND A
4434  78DB ED 52            SBC HL, DE
4435  78DD D2 A3 79         JP NC, .bpc_preserve
4436  78E0
4437  78E0                  ; --- Vertical clip: ClipTop / ClipBot, clamp Y_dst к [0..CANVAS_H-BALL_PIX] ---
4438  78E0 AF               XOR A
4439  78E1 32 07 40         LD (BcsClipTop), A
4440  78E4 32 08 40         LD (BcsClipBot), A
4441  78E7
4442  78E7 2A 6D 80         LD HL, (TmpChainY)
4443  78EA CB 7C            BIT 7, H
4444  78EC 28 17            JR Z, .bpc_y_not_neg
4445  78EE 7C               LD A, H
4446  78EF 3C               INC A
4447  78F0 C2 A3 79         JP NZ, .bpc_preserve                       ; Y_high != #FF → слишком далеко вверх
4448  78F3 7D               LD A, L
4449  78F4 ED 44            NEG
4450  78F6 FE 14            CP BALL_PIX
4451  78F8 D2 A3 79         JP NC, .bpc_preserve                       ; clip_top >= BALL_PIX → невидим
4452  78FB 32 07 40         LD (BcsClipTop), A
4453  78FE AF               XOR A
4453  78FF 32 6D 80       LD (TmpChainY), A
4453  7902 32 6E 80       LD (TmpChainY+1), A
4454  7905              .bpc_y_not_neg:
4455  7905
4456  7905 2A 6D 80         LD HL, (TmpChainY)
4457  7908 11 0D 01         LD DE, CANVAS_H - BALL_PIX + 1
4458  790B A7               AND A
4459  790C ED 52            SBC HL, DE
4460  790E 38 0F            JR C, .bpc_y_in
4461  7910 23               INC HL
4462  7911 7C               LD A, H
4463  7912 B7               OR A
4464  7913 C2 A3 79         JP NZ, .bpc_preserve
4465  7916 7D               LD A, L
4466  7917 FE 14            CP BALL_PIX
4467  7919 D2 A3 79         JP NC, .bpc_preserve
4468  791C 32 08 40         LD (BcsClipBot), A
4469  791F              .bpc_y_in:
4470  791F
4471  791F                  ; NumLines = BALL_PIX - ClipTop - ClipBot
4472  791F 3E 14            LD A, BALL_PIX
4473  7921 21 07 40         LD HL, BcsClipTop
4474  7924 96               SUB (HL)
4475  7925 21 08 40         LD HL, BcsClipBot
4476  7928 96               SUB (HL)
4477  7929 CA A3 79         JP Z, .bpc_preserve
4478  792C FA A3 79         JP M, .bpc_preserve
4479  792F 32 09 40         LD (BcsNumLines), A
4480  7932
4481  7932                  ; --- Compute DMA dst bytes ---
4482  7932 3A 6D 80         LD A, (TmpChainY)
4483  7935 47               LD B, A                                    ; B = Y_low8
4484  7936 CB 3F            SRL A
4484  7938 CB 3F          SRL A
4484  793A CB 3F          SRL A
4484  793C CB 3F          SRL A
4484  793E CB 3F          SRL A
4485  7940 4F               LD C, A
4486  7941 3A 6E 80         LD A, (TmpChainY+1)
4487  7944 E6 01            AND 1
4488  7946 CB 27            SLA A
4488  7948 CB 27          SLA A
4488  794A CB 27          SLA A
4489  794C B1               OR C
4490  794D 32 02 40         LD (BcsPageOver), A
4491  7950
4492  7950 78               LD A, B
4493  7951 E6 1F            AND #1F
4494  7953 87               ADD A, A
4495  7954 4F               LD C, A
4496  7955 3A 6C 80         LD A, (TmpChainX+1)
4497  7958 E6 01            AND 1
4498  795A B1               OR C
4499  795B 32 01 40         LD (BcsDstMid), A
4500  795E
4501  795E 3A 6B 80         LD A, (TmpChainX)
4502  7961 47               LD B, A
4503  7962 E6 01            AND 1
4504  7964 32 0A 40         LD (BcsXOdd), A
4505  7967 78               LD A, B
4506  7968 E6 FE            AND #FE
4507  796A 32 00 40         LD (BcsDstLow), A
4508  796D
4509  796D                  ; --- Save cache[i] = [DstLow, DstMid, PageOver, NumLines, ClipTop, XOdd] ---
4510  796D 3A 70 80         LD A, (TmpChainIdx)
4511  7970 26 00            LD H, 0
4511  7972 6F             LD L, A
4512  7973 54               LD D, H
4512  7974 5D             LD E, L
4513  7975 29               ADD HL, HL
4514  7976 19               ADD HL, DE                                 ; i*3
4515  7977 29               ADD HL, HL                                 ; i*6
4516  7978 11 6E 4A         LD DE, BcsCacheStruct
4517  797B 19               ADD HL, DE
4518  797C 3A 00 40         LD A, (BcsDstLow)
4518  797F 77             LD (HL), A
4518  7980 23             INC HL
4519  7981 3A 01 40         LD A, (BcsDstMid)
4519  7984 77             LD (HL), A
4519  7985 23             INC HL
4520  7986 3A 02 40         LD A, (BcsPageOver)
4520  7989 77             LD (HL), A
4520  798A 23             INC HL
4521  798B 3A 09 40         LD A, (BcsNumLines)
4521  798E 77             LD (HL), A
4521  798F 23             INC HL
4522  7990 3A 07 40         LD A, (BcsClipTop)
4522  7993 77             LD (HL), A
4522  7994 23             INC HL
4523  7995 3A 0A 40         LD A, (BcsXOdd)
4523  7998 77             LD (HL), A
4524  7999
4525  7999 3E 00            LD A, BCS_DRAW
4526  799B C3 A5 79         JP .bpc_set_flag
4527  799E
4528  799E              .bpc_destroy:
4529  799E 3E 01            LD A, BCS_DESTROY
4530  79A0 C3 A5 79         JP .bpc_set_flag
4531  79A3
4532  79A3              .bpc_preserve:
4533  79A3 3E 02            LD A, BCS_PRESERVE
4534  79A5
4535  79A5              .bpc_set_flag:
4536  79A5 21 7E 49         LD HL, BcsSkipFlag
4537  79A8 5F               LD E, A                                    ; save flag in E
4538  79A9 3A 70 80         LD A, (TmpChainIdx)
4539  79AC 16 00            LD D, 0
4540  79AE 4F               LD C, A
4541  79AF 06 00            LD B, 0
4542  79B1 09               ADD HL, BC
4543  79B2 73               LD (HL), E
4544  79B3
4545  79B3 3A 70 80         LD A, (TmpChainIdx)
4546  79B6 3C               INC A
4547  79B7 32 70 80         LD (TmpChainIdx), A
4548  79BA
4549  79BA C1               POP BC
4550  79BB 05               DEC B
4551  79BC C2 43 78         JP NZ, .bpc_loop
4552  79BF C9               RET
4553  79C0
4554  79C0              ; (Bcs/TmpKz/Visible/Shadow/ChainPrev*/BcsSkipFlag/BcsCacheStruct
4555  79C0              ;  переехали в выделенную зону #4000-#5FFF в начале файла — см. там.)
4556  79C0
4557  79C0              ; ================================================================
4558  79C0              ; BLIT KILLZONE TO SHADOW — рисует анимированный череп в конце трека на canvas.
4559  79C0              ; Always restore golden→shadow + always blit current frame (без prev tracking).
4560  79C0              ; Использует BcsGoldenOff установленный ранее в BlitChainToShadow.
4561  79C0              ; ================================================================
4562  79C0              BlitKillzoneToShadow:
4563  79C0 3A 58 80         LD A, (KzVisible)
4564  79C3 B7               OR A
4565  79C4 C8               RET Z
4566  79C5
4567  79C5                  ; BcsGoldenOff устанавливается явно — не полагаемся на stale prev-frame value
4568  79C5                  ; от BlitChainToShadow. Если stale, src KzRestoreHalf читает из BALLS_DMA пageя
4569  79C5                  ; (#40+over) → trash rectangle below kz.
4570  79C5 3A 14 40         LD A, (ShadowPageBase)
4571  79C8 FE 10            CP CANVAS_A_PAGE_BASE
4572  79CA 20 07            JR NZ, .bks_use_b
4573  79CC 3E 20            LD A, #20
4573  79CE 32 06 40       LD (BcsGoldenOff), A           ; canvas A → golden = +#20
4574  79D1 18 05            JR .bks_have
4575  79D3              .bks_use_b:
4576  79D3 3E 10            LD A, #10
4576  79D5 32 06 40       LD (BcsGoldenOff), A           ; canvas B → golden = +#10
4577  79D8              .bks_have:
4578  79D8
4579  79D8 01 AF 15         LD BC, FMADDR
4579  79DB AF             XOR A
4579  79DC ED 79          OUT (C), A
4580  79DE 3E 1F            LD A, KZ_PIX/2-1
4580  79E0 01 AF 26       LD BC, DMALEN
4580  79E3 ED 79          OUT (C), A   ; 32 words = 64 px wide
4581  79E5 3E 1F            LD A, KZ_PIX/2-1
4581  79E7 01 AF 28       LD BC, DMANUM
4581  79EA ED 79          OUT (C), A   ; 32 lines per half
4582  79EC
4583  79EC                  ; top-left = center - 32
4584  79EC 2A 54 80         LD HL, (KzCenterX)
4585  79EF 11 20 00         LD DE, KZ_PIX/2
4586  79F2 A7               AND A
4587  79F3 ED 52            SBC HL, DE
4588  79F5 22 0B 40         LD (TmpKzX), HL
4589  79F8 CB 7C            BIT 7, H
4590  79FA C0               RET NZ
4591  79FB 11 29 01         LD DE, 360 - KZ_PIX + 1                          ; = 297
4592  79FE A7               AND A
4593  79FF ED 52            SBC HL, DE
4594  7A01 38 01            JR C, .kz_x_ok
4595  7A03 C9               RET
4596  7A04              .kz_x_ok:
4597  7A04 2A 56 80         LD HL, (KzCenterY)
4598  7A07 11 20 00         LD DE, KZ_PIX/2
4599  7A0A A7               AND A
4600  7A0B ED 52            SBC HL, DE
4601  7A0D 22 0D 40         LD (TmpKzY), HL
4602  7A10 CB 7C            BIT 7, H
4603  7A12 C0               RET NZ
4604  7A13 11 E1 00         LD DE, 288 - KZ_PIX + 1                          ; = 225
4605  7A16 A7               AND A
4606  7A17 ED 52            SBC HL, DE
4607  7A19 38 01            JR C, .kz_y_ok
4608  7A1B C9               RET
4609  7A1C              .kz_y_ok:
4610  7A1C
4611  7A1C 3A 0B 40         LD A, (TmpKzX)
4612  7A1F 32 0F 40         LD (TmpKzLow), A
4613  7A22
4614  7A22                  ; ============= TOP HALF: rows 0..31, dst Y = TmpKzY ===========
4615  7A22 3A 0D 40         LD A, (TmpKzY)
4616  7A25 47               LD B, A
4617  7A26 CB 3F            SRL A
4617  7A28 CB 3F          SRL A
4617  7A2A CB 3F          SRL A
4617  7A2C CB 3F          SRL A
4617  7A2E CB 3F          SRL A
4618  7A30 4F               LD C, A
4619  7A31 3A 0E 40         LD A, (TmpKzY+1)
4620  7A34 E6 01            AND 1
4621  7A36 CB 27            SLA A
4621  7A38 CB 27          SLA A
4621  7A3A CB 27          SLA A
4622  7A3C B1               OR C
4623  7A3D 32 11 40         LD (TmpKzPageOver), A
4624  7A40 78               LD A, B
4625  7A41 E6 1F            AND #1F
4626  7A43 87               ADD A, A
4627  7A44 4F               LD C, A
4628  7A45 3A 0C 40         LD A, (TmpKzX+1)
4629  7A48 E6 01            AND 1
4630  7A4A B1               OR C
4631  7A4B 32 10 40         LD (TmpKzMid), A
4632  7A4E
4633  7A4E CD 91 7A         CALL KzRestoreHalf
4634  7A51 3E 46            LD A, KILLZONE_DMA_PAGE_TOP                  ; sun base — single static frame
4635  7A53 CD DE 7A         CALL KzBlitHalf
4636  7A56
4637  7A56                  ; ============= BOTTOM HALF: rows 32..63, dst Y = TmpKzY + 32 ===
4638  7A56 2A 0D 40         LD HL, (TmpKzY)
4639  7A59 11 20 00         LD DE, KZ_PIX/2
4640  7A5C 19               ADD HL, DE
4641  7A5D 22 0D 40         LD (TmpKzY), HL
4642  7A60
4643  7A60 7D               LD A, L
4644  7A61 47               LD B, A
4645  7A62 CB 3F            SRL A
4645  7A64 CB 3F          SRL A
4645  7A66 CB 3F          SRL A
4645  7A68 CB 3F          SRL A
4645  7A6A CB 3F          SRL A
4646  7A6C 4F               LD C, A
4647  7A6D 7C               LD A, H
4648  7A6E E6 01            AND 1
4649  7A70 CB 27            SLA A
4649  7A72 CB 27          SLA A
4649  7A74 CB 27          SLA A
4650  7A76 B1               OR C
4651  7A77 32 11 40         LD (TmpKzPageOver), A
4652  7A7A 78               LD A, B
4653  7A7B E6 1F            AND #1F
4654  7A7D 87               ADD A, A
4655  7A7E 4F               LD C, A
4656  7A7F 3A 0C 40         LD A, (TmpKzX+1)
4657  7A82 E6 01            AND 1
4658  7A84 B1               OR C
4659  7A85 32 10 40         LD (TmpKzMid), A
4660  7A88
4661  7A88 CD 91 7A         CALL KzRestoreHalf
4662  7A8B 3E 47            LD A, KILLZONE_DMA_PAGE_BOT
4663  7A8D CD DE 7A         CALL KzBlitHalf
4664  7A90 C9               RET
4665  7A91
4666  7A91              ; --- KzRestoreHalf: golden → shadow на (TmpKzLow, TmpKzMid, TmpKzPageOver) ---
4667  7A91              KzRestoreHalf:
4668  7A91 3A 0F 40         LD A, (TmpKzLow)
4668  7A94 01 AF 1A       LD BC, DMASADL
4668  7A97 ED 79          OUT (C), A
4669  7A99 3A 10 40         LD A, (TmpKzMid)
4669  7A9C 01 AF 1B       LD BC, DMASADH
4669  7A9F ED 79          OUT (C), A
4670  7AA1 3A 11 40         LD A, (TmpKzPageOver)
4671  7AA4 47               LD B, A
4672  7AA5 3A 06 40         LD A, (BcsGoldenOff)
4673  7AA8 80               ADD A, B
4674  7AA9 4F               LD C, A
4675  7AAA 3A 14 40         LD A, (ShadowPageBase)
4676  7AAD 81               ADD A, C
4677  7AAE 01 AF 1C         LD BC, DMASADX
4677  7AB1 ED 79          OUT (C), A
4678  7AB3 3A 0F 40         LD A, (TmpKzLow)
4678  7AB6 01 AF 1D       LD BC, DMADADL
4678  7AB9 ED 79          OUT (C), A
4679  7ABB 3A 10 40         LD A, (TmpKzMid)
4679  7ABE 01 AF 1E       LD BC, DMADADH
4679  7AC1 ED 79          OUT (C), A
4680  7AC3 3A 11 40         LD A, (TmpKzPageOver)
4681  7AC6 47               LD B, A
4682  7AC7 3A 14 40         LD A, (ShadowPageBase)
4683  7ACA 80               ADD A, B
4684  7ACB 01 AF 1F         LD BC, DMADADX
4684  7ACE ED 79          OUT (C), A
4685  7AD0 3E B9            LD A, DMA_BLT_8BPP_MODE
4685  7AD2 01 AF 27       LD BC, DMACTR
4685  7AD5 ED 79          OUT (C), A
4686  7AD7              .kzr_wait:
4687  7AD7 ED 78            IN A, (C)
4687  7AD9 E6 80          AND DMAWNR
4687  7ADB 20 FA          JR NZ, .kzr_wait
4688  7ADD C9               RET
4689  7ADE
4690  7ADE              ; --- KzBlitHalf: src page (в A) → shadow на (TmpKzLow, TmpKzMid, TmpKzPageOver) ---
4691  7ADE              KzBlitHalf:
4692  7ADE 32 12 40         LD (TmpKzSrcPage), A
4693  7AE1 AF               XOR A
4693  7AE2 01 AF 1A       LD BC, DMASADL
4693  7AE5 ED 79          OUT (C), A
4694  7AE7 AF               XOR A
4694  7AE8 01 AF 1B       LD BC, DMASADH
4694  7AEB ED 79          OUT (C), A
4695  7AED 3A 12 40         LD A, (TmpKzSrcPage)
4696  7AF0 01 AF 1C         LD BC, DMASADX
4696  7AF3 ED 79          OUT (C), A
4697  7AF5 3A 0F 40         LD A, (TmpKzLow)
4697  7AF8 01 AF 1D       LD BC, DMADADL
4697  7AFB ED 79          OUT (C), A
4698  7AFD 3A 10 40         LD A, (TmpKzMid)
4698  7B00 01 AF 1E       LD BC, DMADADH
4698  7B03 ED 79          OUT (C), A
4699  7B05 3A 11 40         LD A, (TmpKzPageOver)
4700  7B08 47               LD B, A
4701  7B09 3A 14 40         LD A, (ShadowPageBase)
4702  7B0C 80               ADD A, B
4703  7B0D 01 AF 1F         LD BC, DMADADX
4703  7B10 ED 79          OUT (C), A
4704  7B12 3E B9            LD A, DMA_BLT_8BPP_MODE
4704  7B14 01 AF 27       LD BC, DMACTR
4704  7B17 ED 79          OUT (C), A
4705  7B19              .kzb_wait:
4706  7B19 ED 78            IN A, (C)
4706  7B1B E6 80          AND DMAWNR
4706  7B1D 20 FA          JR NZ, .kzb_wait
4707  7B1F C9               RET
4708  7B20
4709  7B20              ; ================================================================
4710  7B20              ; HIDE CHAIN SPRITES — обнуляет SFILE-дескрипторы цепочки в active+invisible.
4711  7B20              ; ВАЖНО: ACT=1 нужен чтобы TSU не остановился перед cursor (иначе курсор пропадает).
4712  7B20              ; ================================================================
4713  7B20              HideChainSprites:
4714  7B20 01 AF 15         LD BC, FMADDR
4714  7B23 3E 10          LD A, FM_EN
4714  7B25 ED 79          OUT (C), A
4715  7B27 21 18 02         LD HL, DESC_CHAIN0
4716  7B2A 06 46            LD B, TSU_CHAIN_SPRITES                    ; SFILE-резерв, не VDC max
4717  7B2C              .hcs_loop:
4718  7B2C 36 2C            LD (HL), #2C
4718  7B2E 23             INC HL                     ; Y_L (off-screen)
4719  7B2F 36 25            LD (HL), SPACT+SPSIZ24+1
4719  7B31 23             INC HL         ; ACT=1, SIZE=24, Y[8]=1
4720  7B32 36 00            LD (HL), 0
4720  7B34 23             INC HL                       ; X_L
4721  7B35 36 04            LD (HL), SPSIZ24
4721  7B37 23             INC HL                 ; X[8]=0
4722  7B38 36 00            LD (HL), 0
4722  7B3A 23             INC HL                       ; TNUM
4723  7B3B 36 00            LD (HL), 0
4723  7B3D 23             INC HL                       ; SPAL
4724  7B3E 10 EC            DJNZ .hcs_loop
4725  7B40 01 AF 15         LD BC, FMADDR
4725  7B43 AF             XOR A
4725  7B44 ED 79          OUT (C), A
4726  7B46 C9               RET
4727  7B47
4728  7B47              ; ================================================================
4729  7B47              ; UPDATE EXPLODE SPRITES — TSU-render destroy-frames для exploding слотов.
4730  7B47              ; Static mapping: tsu_slot = chain_idx. Если chain длина > TSU_CHAIN_SPRITES,
4731  7B47              ; explosion на дальних слотах не показывается.
4732  7B47              ; SPSIZ24 (= 24×24): halfsize=12, clamp X/Y к 0 при negative.
4733  7B47              ; ================================================================
4734  7B47              UpdateExplodeSprites:
4735  7B47 F3               DI
4736  7B48 01 AF 15         LD BC, FMADDR
4736  7B4B 3E 10          LD A, FM_EN
4736  7B4D ED 79          OUT (C), A
4737  7B4F AF               XOR A
4738  7B50 32 70 80         LD (TmpChainIdx), A
4739  7B53              .ues_loop:
4740  7B53 3A 70 80         LD A, (TmpChainIdx)
4741  7B56 FE 46            CP TSU_CHAIN_SPRITES
4742  7B58 D2 2D 7C         JP NC, .ues_done
4743  7B5B 21 9E 85         LD HL, Chain0_SlotsLen
4744  7B5E BE               CP (HL)
4745  7B5F D2 2D 7C         JP NC, .ues_done
4746  7B62
4747  7B62 26 00            LD H, 0
4747  7B64 6F             LD L, A
4748  7B65 11 BC 83         LD DE, Chain0_ExplodingFrame
4749  7B68 19               ADD HL, DE
4750  7B69 7E               LD A, (HL)
4751  7B6A B7               OR A
4752  7B6B CA 23 7C         JP Z, .ues_next
4753  7B6E
4754  7B6E 3D               DEC A
4755  7B6F CB 3F            SRL A
4756  7B71 32 80 80         LD (TmpExpFrameIdx), A
4757  7B74
4758  7B74 3A 70 80         LD A, (TmpChainIdx)
4759  7B77 26 00            LD H, 0
4759  7B79 6F             LD L, A
4760  7B7A 11 EC 80         LD DE, Chain0_Slots
4761  7B7D 19               ADD HL, DE
4762  7B7E 7E               LD A, (HL)
4763  7B7F 32 81 80         LD (TmpExpColor), A
4764  7B82
4765  7B82 3A 70 80         LD A, (TmpChainIdx)
4766  7B85 CD F6 6C         CALL ComputeSlotXY
4767  7B88
4768  7B88                  ; SPSIZ16: halfsize=8. Clamp X/Y к 0. Шар centered when trackX>=8.
4769  7B88 2A 8B 80         LD HL, (TmpHemX)
4770  7B8B 11 08 00         LD DE, 8
4771  7B8E A7               AND A
4772  7B8F ED 52            SBC HL, DE
4773  7B91 CB 7C            BIT 7, H
4774  7B93 28 03            JR Z, .ues_x_ok
4775  7B95 21 00 00         LD HL, 0
4776  7B98              .ues_x_ok:
4777  7B98 22 82 80         LD (TmpExpX), HL
4778  7B9B
4779  7B9B                  ; Y: для trackY >= 8 — normal variant, render_y = trackY - 8 (центр at +8 = trackY).
4780  7B9B                  ; Для trackY < 8 — shifted-up variant (content rows 2..15 → output 0..13),
4781  7B9B                  ; render_y = max(0, trackY - 6) → центр content (≈row 6.5) близко к trackY.
4782  7B9B                  ; Иначе sprite в спавн-зоне рисуется на 6..8 px выше реального шара и
4783  7B9B                  ; визуально пересекается с соседним → создаёт иллюзию ложного match-3.
4784  7B9B 2A 8D 80         LD HL, (TmpHemY)
4785  7B9E 11 08 00         LD DE, 8
4786  7BA1 A7               AND A
4787  7BA2 ED 52            SBC HL, DE
4788  7BA4 CB 7C            BIT 7, H
4789  7BA6 20 09            JR NZ, .ues_y_shifted                      ; trackY < 8 → shifted variant
4790  7BA8 AF               XOR A
4791  7BA9 32 89 80         LD (TmpExpYShifted), A
4792  7BAC 22 84 80         LD (TmpExpY), HL                           ; render_y = trackY - 8
4793  7BAF 18 18            JR .ues_y_done
4794  7BB1              .ues_y_shifted:
4795  7BB1 3E 01            LD A, 1
4796  7BB3 32 89 80         LD (TmpExpYShifted), A
4797  7BB6 2A 8D 80         LD HL, (TmpHemY)
4798  7BB9 11 06 00         LD DE, 6
4799  7BBC A7               AND A
4800  7BBD ED 52            SBC HL, DE
4801  7BBF CB 7C            BIT 7, H
4802  7BC1 28 03            JR Z, .ues_y_shifted_ok
4803  7BC3 21 00 00         LD HL, 0
4804  7BC6              .ues_y_shifted_ok:
4805  7BC6 22 84 80         LD (TmpExpY), HL                           ; render_y = max(0, trackY - 6)
4806  7BC9              .ues_y_done:
4807  7BC9
4808  7BC9 3A 80 80         LD A, (TmpExpFrameIdx)
4809  7BCC 87               ADD A, A                                   ; A = frame_idx * 2 (2 cells/frame для 16×16)
4810  7BCD 5F               LD E, A
4811  7BCE 16 00            LD D, 0
4812  7BD0 21 00 0A         LD HL, DESTROY_BASE_TNUM
4813  7BD3 19               ADD HL, DE
4814  7BD4 3A 89 80         LD A, (TmpExpYShifted)
4815  7BD7 B7               OR A
4816  7BD8 28 04            JR Z, .ues_tnum_done
4817  7BDA 11 80 00         LD DE, DESTROY_SHIFTED_OFFSET
4818  7BDD 19               ADD HL, DE                                 ; +128 = переход на shifted variant (carpet rows 2..3)
4819  7BDE              .ues_tnum_done:
4820  7BDE 22 86 80         LD (TmpExpTNUM), HL
4821  7BE1
4822  7BE1 3A 70 80         LD A, (TmpChainIdx)
4823  7BE4 26 00            LD H, 0
4823  7BE6 6F             LD L, A
4824  7BE7 29               ADD HL, HL
4825  7BE8 54               LD D, H
4825  7BE9 5D             LD E, L
4826  7BEA 29               ADD HL, HL
4827  7BEB 19               ADD HL, DE
4828  7BEC 11 18 02         LD DE, DESC_CHAIN0
4829  7BEF 19               ADD HL, DE
4830  7BF0
4831  7BF0 ED 5B 84 80      LD DE, (TmpExpY)
4832  7BF4 73               LD (HL), E
4832  7BF5 23             INC HL
4833  7BF6 7A               LD A, D
4833  7BF7 E6 01          AND 1
4833  7BF9 F6 22          OR SPACT + SPSIZ16
4834  7BFB 77               LD (HL), A
4834  7BFC 23             INC HL
4835  7BFD
4836  7BFD ED 5B 82 80      LD DE, (TmpExpX)
4837  7C01 73               LD (HL), E
4837  7C02 23             INC HL
4838  7C03 7A               LD A, D
4838  7C04 E6 01          AND 1
4838  7C06 F6 02          OR SPSIZ16
4839  7C08 77               LD (HL), A
4839  7C09 23             INC HL
4840  7C0A
4841  7C0A ED 5B 86 80      LD DE, (TmpExpTNUM)
4842  7C0E 73               LD (HL), E
4842  7C0F 23             INC HL
4843  7C10 3A 81 80         LD A, (TmpExpColor)
4844  7C13 C6 02            ADD A, 2
4845  7C15 CB 27            SLA A
4845  7C17 CB 27          SLA A
4845  7C19 CB 27          SLA A
4845  7C1B CB 27          SLA A
4846  7C1D 4F               LD C, A
4847  7C1E 7A               LD A, D
4848  7C1F E6 0F            AND #0F
4849  7C21 B1               OR C
4850  7C22 77               LD (HL), A
4851  7C23
4852  7C23              .ues_next:
4853  7C23 3A 70 80         LD A, (TmpChainIdx)
4854  7C26 3C               INC A
4855  7C27 32 70 80         LD (TmpChainIdx), A
4856  7C2A C3 53 7B         JP .ues_loop
4857  7C2D
4858  7C2D              .ues_done:
4859  7C2D 01 AF 15         LD BC, FMADDR
4859  7C30 AF             XOR A
4859  7C31 ED 79          OUT (C), A
4860  7C33 FB               EI
4861  7C34 C9               RET
4862  7C35
4863  7C35              ; ================================================================
4864  7C35              ; UPDATE CHAIN TSU SPRITES — TSU descriptor для каждого живого chain ball.
4865  7C35              ; Рисует normal ball atlas (TNUM=2304+COLOR*3, SPAL=COLOR+2, SPSIZ24=24×24) на
4866  7C35              ; TSU layer 1 поверх canvas (включая killzone-зону). Заменяет HideChainSprites —
4867  7C35              ; раньше chain рисовался только в canvas через DMA, и restore golden→shadow в
4868  7C35              ; killzone-зоне затирал killzone-pixels там, где раньше был ball ("под шаром
4869  7C35              ; фон трека"). UpdateExplodeSprites потом override-ит destroy frame (16×16)
4870  7C35              ; для exploding слотов.
4871  7C35              ; Slots с GAP_MARKER или i >= SlotsLen → off-screen (Y=#2C, ACT=1).
4872  7C35              ; Static mapping: tsu_slot = chain_idx (0..TSU_CHAIN_SPRITES-1).
4873  7C35              ; ================================================================
4874  7C35              UpdateChainTSUSprites:
4875  7C35 F3               DI
4876  7C36 01 AF 15         LD BC, FMADDR
4876  7C39 3E 10          LD A, FM_EN
4876  7C3B ED 79          OUT (C), A
4877  7C3D AF               XOR A
4878  7C3E 32 70 80         LD (TmpChainIdx), A
4879  7C41              .uts_loop:
4880  7C41 3A 70 80         LD A, (TmpChainIdx)
4881  7C44 FE 46            CP TSU_CHAIN_SPRITES
4882  7C46 D2 FA 7C         JP NC, .uts_done
4883  7C49
4884  7C49 21 9E 85         LD HL, Chain0_SlotsLen
4885  7C4C BE               CP (HL)
4886  7C4D D2 D0 7C         JP NC, .uts_offscreen                      ; i >= SlotsLen → off-screen
4887  7C50
4888  7C50 26 00            LD H, 0
4888  7C52 6F             LD L, A
4889  7C53 11 EC 80         LD DE, Chain0_Slots
4890  7C56 19               ADD HL, DE
4891  7C57 7E               LD A, (HL)
4892  7C58 FE 06            CP NUM_BALL_COLORS
4893  7C5A D2 D0 7C         JP NC, .uts_offscreen                      ; GAP_MARKER → off-screen
4894  7C5D 32 6F 80         LD (TmpChainColor), A
4895  7C60
4896  7C60 3A 70 80         LD A, (TmpChainIdx)
4897  7C63 CD F6 6C         CALL ComputeSlotXY                         ; → TmpHemX, TmpHemY
4898  7C66
4899  7C66                  ; SPSIZ24 halfsize=12. Clamp X/Y к 0 при negative.
4900  7C66 2A 8B 80         LD HL, (TmpHemX)
4901  7C69 11 0C 00         LD DE, 12
4902  7C6C A7               AND A
4903  7C6D ED 52            SBC HL, DE
4904  7C6F CB 7C            BIT 7, H
4905  7C71 28 03            JR Z, .uts_x_ok
4906  7C73 21 00 00         LD HL, 0
4907  7C76              .uts_x_ok:
4908  7C76 22 6B 80         LD (TmpChainX), HL
4909  7C79
4910  7C79 2A 8D 80         LD HL, (TmpHemY)
4911  7C7C 11 0C 00         LD DE, 12
4912  7C7F A7               AND A
4913  7C80 ED 52            SBC HL, DE
4914  7C82 CB 7C            BIT 7, H
4915  7C84 28 03            JR Z, .uts_y_ok
4916  7C86 21 00 00         LD HL, 0
4917  7C89              .uts_y_ok:
4918  7C89 22 6D 80         LD (TmpChainY), HL
4919  7C8C
4920  7C8C                  ; descriptor addr = DESC_CHAIN0 + i*6
4921  7C8C 3A 70 80         LD A, (TmpChainIdx)
4922  7C8F 26 00            LD H, 0
4922  7C91 6F             LD L, A
4923  7C92 29               ADD HL, HL
4924  7C93 54               LD D, H
4924  7C94 5D             LD E, L
4925  7C95 29               ADD HL, HL
4926  7C96 19               ADD HL, DE
4927  7C97 11 18 02         LD DE, DESC_CHAIN0
4928  7C9A 19               ADD HL, DE
4929  7C9B
4930  7C9B ED 5B 6D 80      LD DE, (TmpChainY)
4931  7C9F 73               LD (HL), E
4931  7CA0 23             INC HL                        ; Y_L
4932  7CA1 7A               LD A, D
4932  7CA2 E6 01          AND 1
4932  7CA4 F6 24          OR SPACT + SPSIZ24
4933  7CA6 77               LD (HL), A
4933  7CA7 23             INC HL                        ; Y_H + ACT + SIZE24
4934  7CA8
4935  7CA8 ED 5B 6B 80      LD DE, (TmpChainX)
4936  7CAC 73               LD (HL), E
4936  7CAD 23             INC HL                        ; X_L
4937  7CAE 7A               LD A, D
4937  7CAF E6 01          AND 1
4937  7CB1 F6 04          OR SPSIZ24
4938  7CB3 77               LD (HL), A
4938  7CB4 23             INC HL                        ; X_H + SIZE24
4939  7CB5
4940  7CB5                  ; TNUM = 2304 + COLOR*3 (24×24 ball stride 3 cells)
4941  7CB5 3A 6F 80         LD A, (TmpChainColor)
4942  7CB8 47               LD B, A
4943  7CB9 87               ADD A, A
4944  7CBA 80               ADD A, B                                   ; A = COLOR*3
4945  7CBB 77               LD (HL), A
4945  7CBC 23             INC HL                        ; TNUM_L (LOW(2304)=0, no carry for COLOR≤5)
4946  7CBD
4947  7CBD                  ; TNUM_H + SPAL: HIGH(2304)=9, SPAL=COLOR+2
4948  7CBD 3A 6F 80         LD A, (TmpChainColor)
4949  7CC0 C6 02            ADD A, 2
4950  7CC2 CB 27            SLA A
4950  7CC4 CB 27          SLA A
4950  7CC6 CB 27          SLA A
4950  7CC8 CB 27          SLA A
4951  7CCA F6 09            OR 9
4952  7CCC 77               LD (HL), A
4953  7CCD C3 F0 7C         JP .uts_next
4954  7CD0
4955  7CD0              .uts_offscreen:
4956  7CD0 3A 70 80         LD A, (TmpChainIdx)
4957  7CD3 26 00            LD H, 0
4957  7CD5 6F             LD L, A
4958  7CD6 29               ADD HL, HL
4959  7CD7 54               LD D, H
4959  7CD8 5D             LD E, L
4960  7CD9 29               ADD HL, HL
4961  7CDA 19               ADD HL, DE
4962  7CDB 11 18 02         LD DE, DESC_CHAIN0
4963  7CDE 19               ADD HL, DE
4964  7CDF 36 2C            LD (HL), #2C
4964  7CE1 23             INC HL                      ; Y_L
4965  7CE2 36 25            LD (HL), SPACT+SPSIZ24+1
4965  7CE4 23             INC HL          ; Y_H + ACT + SIZE24 + Y[8]=1
4966  7CE5 36 00            LD (HL), 0
4966  7CE7 23             INC HL                        ; X_L
4967  7CE8 36 04            LD (HL), SPSIZ24
4967  7CEA 23             INC HL                  ; X_H + SIZE24
4968  7CEB 36 00            LD (HL), 0
4968  7CED 23             INC HL                        ; TNUM_L
4969  7CEE 36 00            LD (HL), 0                                 ; TNUM_H + SPAL
4970  7CF0
4971  7CF0              .uts_next:
4972  7CF0 3A 70 80         LD A, (TmpChainIdx)
4973  7CF3 3C               INC A
4974  7CF4 32 70 80         LD (TmpChainIdx), A
4975  7CF7 C3 41 7C         JP .uts_loop
4976  7CFA
4977  7CFA              .uts_done:
4978  7CFA 01 AF 15         LD BC, FMADDR
4978  7CFD AF             XOR A
4978  7CFE ED 79          OUT (C), A
4979  7D00 FB               EI
4980  7D01 C9               RET
4981  7D02
4982  7D02              ; ================================================================
4983  7D02              ; ОБНОВЛЕНИЕ СПРАЙТА КУРСОРА
4984  7D02              ; Дескриптор #020C (после жабы и preview-шарика).
4985  7D02              ; Спрайт 16x16, TNUM=512 (первый тайл страницы 7), SPAL=1.
4986  7D02              ; ================================================================
4987  7D02              ; ================================================================
4988  7D02              ; UPDATE KZ SKULL SPRITE — TSU sprite 32×32, центр в (KzCenterX, KzCenterY).
4989  7D02              ; TNUM = KZ_SKULL_TNUM_BASE + KzFrame*4 (frame N at carpet col N*4, row 0 of page #0D).
4990  7D02              ; SPAL = KZ_SKULL_SPAL = 4 (yellow palette CRAM #40..#4F).
4991  7D02              ; ================================================================
4992  7D02              UpdateKzSkullSprite:
4993  7D02 01 AF 15         LD BC, FMADDR
4993  7D05 3E 10          LD A, FM_EN
4993  7D07 ED 79          OUT (C), A
4994  7D09 21 12 02         LD HL, DESC_KZSKULL
4995  7D0C
4996  7D0C                  ; Y_L / Y_H: top-left Y = KzCenterY - 16 + KZ_SKULL_Y_OFFS (32×32 half = 16)
4997  7D0C ED 5B 56 80      LD DE, (KzCenterY)
4998  7D10 7B               LD A, E
4998  7D11 D6 10          SUB 16 - KZ_SKULL_Y_OFFS
4998  7D13 5F             LD E, A
4999  7D14 7A               LD A, D
4999  7D15 DE 00          SBC A, 0
4999  7D17 57             LD D, A
5000  7D18 73               LD (HL), E
5000  7D19 23             INC HL                         ; Y_L
5001  7D1A 7A               LD A, D
5001  7D1B E6 01          AND 1
5001  7D1D F6 26          OR SPACT+SPSIZ32          ; Y_H + ACT + SIZE32
5002  7D1F 77               LD (HL), A
5002  7D20 23             INC HL
5003  7D21
5004  7D21                  ; X_L / X_H: top-left X = KzCenterX - 16 + KZ_SKULL_X_OFFS
5005  7D21 ED 5B 54 80      LD DE, (KzCenterX)
5006  7D25 7B               LD A, E
5006  7D26 D6 0E          SUB 16 - KZ_SKULL_X_OFFS
5006  7D28 5F             LD E, A
5007  7D29 7A               LD A, D
5007  7D2A DE 00          SBC A, 0
5007  7D2C 57             LD D, A
5008  7D2D 73               LD (HL), E
5008  7D2E 23             INC HL                         ; X_L
5009  7D2F 7A               LD A, D
5009  7D30 E6 01          AND 1
5009  7D32 F6 06          OR SPSIZ32                ; X_H + SIZE32
5010  7D34 77               LD (HL), A
5010  7D35 23             INC HL
5011  7D36
5012  7D36                  ; TNUM_L / TNUM_H + SPAL: TNUM = KZ_SKULL_TNUM_BASE + KzFrame*4
5013  7D36 3A 50 80         LD A, (KzFrame)
5014  7D39 87               ADD A, A
5014  7D3A 87             ADD A, A                         ; A = KzFrame*4
5015  7D3B 5F               LD E, A
5015  7D3C 16 00          LD D, 0
5016  7D3E 21 00 0B         LD HL, KZ_SKULL_TNUM_BASE
5017  7D41 19               ADD HL, DE                                  ; HL = TNUM
5018  7D42 7D               LD A, L
5019  7D43 E5               PUSH HL
5020  7D44 D1               POP DE                                      ; DE = TNUM
5021  7D45 21 16 02         LD HL, DESC_KZSKULL + 4
5022  7D48 77               LD (HL), A
5022  7D49 23             INC HL                         ; TNUM_L
5023  7D4A 7A               LD A, D
5024  7D4B E6 0F            AND #0F
5025  7D4D F6 40            OR KZ_SKULL_SPAL << 4                       ; SPAL=4 → bit 4..7 = 0100
5026  7D4F 77               LD (HL), A
5027  7D50
5028  7D50 01 AF 15         LD BC, FMADDR
5028  7D53 AF             XOR A
5028  7D54 ED 79          OUT (C), A
5029  7D56 C9               RET
5030  7D57
5031  7D57              UpdateCursorSprite:
5032  7D57 01 AF 15         LD BC, FMADDR
5032  7D5A 3E 10          LD A, FM_EN
5032  7D5C ED 79          OUT (C), A
5033  7D5E 21 EC 03         LD HL, DESC_CURSOR
5034  7D61
5035  7D61                  ; Cursor рисуется на RAW позиции — мгновенный отклик мыши.
5036  7D61                  ; (Smooth применяется только для FrogAngle, где kempston jitter раздражает,
5037  7D61                  ; а 3-4 кадра latency незаметны.)
5038  7D61 ED 5B 64 80      LD DE, (MouseAbsY)
5039  7D65 73               LD (HL), E
5039  7D66 23             INC HL                         ; Y_L
5040  7D67 7A               LD A, D
5040  7D68 E6 01          AND 1
5040  7D6A F6 22          OR SPACT+SPSIZ16          ; курсор остаётся 16×16
5041  7D6C 77               LD (HL), A
5041  7D6D 23             INC HL
5042  7D6E
5043  7D6E ED 5B 5E 80      LD DE, (MouseAbsX)
5044  7D72 73               LD (HL), E
5044  7D73 23             INC HL                         ; X_L
5045  7D74 7A               LD A, D
5045  7D75 E6 01          AND 1
5045  7D77 F6 02          OR SPSIZ16
5046  7D79 77               LD (HL), A
5046  7D7A 23             INC HL
5047  7D7B
5048  7D7B 36 00            LD (HL), 0
5048  7D7D 23             INC HL                         ; TNUM_L = 0 (TNUM=2048 в page 10)
5049  7D7E 36 18            LD (HL), #18                                ; TNUM_H=8 + SPAL=1 (<<4=#10) → byte = 0x18
5050  7D80
5051  7D80 01 AF 15         LD BC, FMADDR
5051  7D83 AF             XOR A
5051  7D84 ED 79          OUT (C), A
5052  7D86 C9               RET
5053  7D87
5054  7D87              ; ================================================================
5055  7D87              ; ОБНОВЛЕНИЕ MOUTH-BALL (16×16) — текущий цвет, во рту лягушки.
5056  7D87              ; Frog 64×64, центр (FrogX+32, FrogY+32). Mouth = +Dir сторона.
5057  7D87              ; Ball center = frog_center + 8*Dir, top-left (16×16) = center - 8 = FrogX + 24 + 8*Dir.
5058  7D87              ; TNUM = 2304 + COLOR*2 (atlas balls 16×16 в page 10), SPAL = COLOR + 2.
5059  7D87              ; ================================================================
5060  7D87              UpdatePreviewSprite:
5061  7D87 3A 5A 80         LD A, (ShotCooldown)
5062  7D8A B7               OR A
5063  7D8B C2 16 7E         JP NZ, .ups_invisible
5064  7D8E
5065  7D8E                  ; --- X = FrogX + 20 + Cos*9/8 (mouth ball на distance 18 от центра frog)
5066  7D8E 3A A1 80         LD A, (FrogDirCos)
5067  7D91 6F               LD L, A
5067  7D92 26 00          LD H, 0
5068  7D94 CB 7F            BIT 7, A
5069  7D96 28 01            JR Z, .ups_x_pos
5070  7D98 25               DEC H
5071  7D99              .ups_x_pos:
5072  7D99 3A A1 80         LD A, (FrogDirCos)
5073  7D9C CB 2F            SRA A
5073  7D9E CB 2F          SRA A
5073  7DA0 CB 2F          SRA A                 ; A = Cos/8 (signed -2..+2)
5074  7DA2 5F               LD E, A
5074  7DA3 16 00          LD D, 0
5075  7DA5 CB 7F            BIT 7, A
5076  7DA7 28 01            JR Z, .ups_x_p2
5077  7DA9 15               DEC D
5078  7DAA              .ups_x_p2:
5079  7DAA 19               ADD HL, DE                            ; HL = Cos + Cos/8 = Cos*9/8
5080  7DAB ED 4B 3A 80      LD BC, (FrogX)
5081  7DAF 09               ADD HL, BC
5082  7DB0 01 14 00         LD BC, 20
5083  7DB3 09               ADD HL, BC
5084  7DB4 E5               PUSH HL
5085  7DB5
5086  7DB5                  ; --- Y = FrogY + 20 + Sin*9/8
5087  7DB5 3A A2 80         LD A, (FrogDirSin)
5088  7DB8 6F               LD L, A
5088  7DB9 26 00          LD H, 0
5089  7DBB CB 7F            BIT 7, A
5090  7DBD 28 01            JR Z, .ups_y_pos
5091  7DBF 25               DEC H
5092  7DC0              .ups_y_pos:
5093  7DC0 3A A2 80         LD A, (FrogDirSin)
5094  7DC3 CB 2F            SRA A
5094  7DC5 CB 2F          SRA A
5094  7DC7 CB 2F          SRA A
5095  7DC9 5F               LD E, A
5095  7DCA 16 00          LD D, 0
5096  7DCC CB 7F            BIT 7, A
5097  7DCE 28 01            JR Z, .ups_y_p2
5098  7DD0 15               DEC D
5099  7DD1              .ups_y_p2:
5100  7DD1 19               ADD HL, DE
5101  7DD2 ED 4B 3C 80      LD BC, (FrogY)
5102  7DD6 09               ADD HL, BC
5103  7DD7 01 14 00         LD BC, 20
5104  7DDA 09               ADD HL, BC
5105  7DDB
5106  7DDB 01 AF 15         LD BC, FMADDR
5106  7DDE 3E 10          LD A, FM_EN
5106  7DE0 ED 79          OUT (C), A
5107  7DE2
5108  7DE2 EB               EX DE, HL                             ; DE = Y
5109  7DE3 21 06 02         LD HL, DESC_PREVIEW
5110  7DE6 73               LD (HL), E
5110  7DE7 23             INC HL
5111  7DE8 7A               LD A, D
5111  7DE9 E6 01          AND 1
5111  7DEB F6 24          OR SPACT+SPSIZ24
5112  7DED 77               LD (HL), A
5112  7DEE 23             INC HL
5113  7DEF
5114  7DEF D1               POP DE                                ; DE = X
5115  7DF0 73               LD (HL), E
5115  7DF1 23             INC HL
5116  7DF2 7A               LD A, D
5116  7DF3 E6 01          AND 1
5116  7DF5 F6 04          OR SPSIZ24
5117  7DF7 77               LD (HL), A
5117  7DF8 23             INC HL
5118  7DF9
5119  7DF9                  ; TNUM/SPAL по NextBallColor (ball atlas 24×24: TNUM=2304+COLOR*3)
5120  7DF9 3A 40 80         LD A, (NextBallColor)
5121  7DFC 57               LD D, A
5121  7DFD 87             ADD A, A
5121  7DFE 82             ADD A, D
5122  7DFF 77               LD (HL), A
5122  7E00 23             INC HL
5123  7E01 3A 40 80         LD A, (NextBallColor)
5124  7E04 C6 02            ADD A, 2
5125  7E06 87               ADD A, A
5125  7E07 87             ADD A, A
5125  7E08 87             ADD A, A
5125  7E09 87             ADD A, A
5126  7E0A F6 09            OR 9
5127  7E0C 77               LD (HL), A
5128  7E0D
5129  7E0D 01 AF 15         LD BC, FMADDR
5129  7E10 AF             XOR A
5129  7E11 ED 79          OUT (C), A
5130  7E13 C3 3A 7E         JP UpdateBackPreviewSprite
5131  7E16
5132  7E16              .ups_invisible:
5133  7E16 01 AF 15         LD BC, FMADDR
5133  7E19 3E 10          LD A, FM_EN
5133  7E1B ED 79          OUT (C), A
5134  7E1D 21 06 02         LD HL, DESC_PREVIEW
5135  7E20 36 2C            LD (HL), 44
5135  7E22 23             INC HL
5136  7E23 36 25            LD (HL), SPACT+SPSIZ24+1
5136  7E25 23             INC HL
5137  7E26 36 00            LD (HL), 0
5137  7E28 23             INC HL
5138  7E29 36 04            LD (HL), SPSIZ24
5138  7E2B 23             INC HL
5139  7E2C 36 00            LD (HL), 0
5139  7E2E 23             INC HL
5140  7E2F 36 00            LD (HL), 0
5141  7E31 01 AF 15         LD BC, FMADDR
5141  7E34 AF             XOR A
5141  7E35 ED 79          OUT (C), A
5142  7E37 C3 3A 7E         JP UpdateBackPreviewSprite
5143  7E3A
5144  7E3A              ; ================================================================
5145  7E3A              ; ОБНОВЛЕНИЕ BACK-PREVIEW (8×8) — следующий цвет, на спине лягушки.
5146  7E3A              ; Spine = -Dir сторона. Center = frog_center - 8*Dir, top-left (8×8) = center - 4
5147  7E3A              ;   = FrogX + 28 - 8*Dir.
5148  7E3A              ; TNUM = 2432 + COLOR (preview atlas 8×8 в page 10), SPAL = COLOR + 2.
5149  7E3A              ; (NextBallColor — это цвет ТЕКУЩЕГО выстрела; для true "следующего" нужен
5150  7E3A              ;  отдельный индекс. Пока показываем тот же цвет — дополнительный preview.)
5151  7E3A              ; ================================================================
5152  7E3A              UpdateBackPreviewSprite:
5153  7E3A 3A 5A 80         LD A, (ShotCooldown)
5154  7E3D B7               OR A
5155  7E3E C2 B6 7E         JP NZ, .bps_invisible
5156  7E41
5157  7E41 3A 3E 80         LD A, (FrogAngle)
5158  7E44 CB 3F            SRL A
5158  7E46 CB 3F          SRL A
5158  7E48 CB 3F          SRL A
5159  7E4A 5F               LD E, A
5160  7E4B 16 00            LD D, 0
5161  7E4D
5162  7E4D 21 60 86         LD HL, CosTab16
5163  7E50 19               ADD HL, DE
5164  7E51 7E               LD A, (HL)
5165  7E52 ED 44            NEG                                   ; -Cos для spine-side
5166  7E54 6F               LD L, A
5166  7E55 26 00          LD H, 0
5167  7E57 CB 7F            BIT 7, A
5168  7E59 28 01            JR Z, .bps_x_pos
5169  7E5B 25               DEC H
5170  7E5C              .bps_x_pos:
5171  7E5C ED 4B 3A 80      LD BC, (FrogX)
5172  7E60 09               ADD HL, BC
5173  7E61 01 1C 00         LD BC, 28
5174  7E64 09               ADD HL, BC                            ; X = FrogX + 28 - Cos*16
5175  7E65 E5               PUSH HL
5176  7E66
5177  7E66 21 80 86         LD HL, SinTab16
5178  7E69 19               ADD HL, DE
5179  7E6A 7E               LD A, (HL)
5180  7E6B ED 44            NEG
5181  7E6D 6F               LD L, A
5181  7E6E 26 00          LD H, 0
5182  7E70 CB 7F            BIT 7, A
5183  7E72 28 01            JR Z, .bps_y_pos
5184  7E74 25               DEC H
5185  7E75              .bps_y_pos:
5186  7E75 ED 4B 3C 80      LD BC, (FrogY)
5187  7E79 09               ADD HL, BC
5188  7E7A 01 1C 00         LD BC, 28
5189  7E7D 09               ADD HL, BC                            ; Y = FrogY + 28 - 8*DirY
5190  7E7E
5191  7E7E 01 AF 15         LD BC, FMADDR
5191  7E81 3E 10          LD A, FM_EN
5191  7E83 ED 79          OUT (C), A
5192  7E85
5193  7E85 EB               EX DE, HL
5194  7E86 21 0C 02         LD HL, DESC_BACK_PREVIEW
5195  7E89 73               LD (HL), E
5195  7E8A 23             INC HL
5196  7E8B 7A               LD A, D
5196  7E8C E6 01          AND 1
5196  7E8E F6 20          OR SPACT+SPSIZ8
5197  7E90 77               LD (HL), A
5197  7E91 23             INC HL
5198  7E92
5199  7E92 D1               POP DE
5200  7E93 73               LD (HL), E
5200  7E94 23             INC HL
5201  7E95 7A               LD A, D
5201  7E96 E6 01          AND 1
5201  7E98 F6 00          OR SPSIZ8
5202  7E9A 77               LD (HL), A
5202  7E9B 23             INC HL
5203  7E9C
5204  7E9C                  ; TNUM = 2496 + COLOR (preview atlas — carpet row 39, после balls 24×24 в rows 36..38)
5205  7E9C 3A 40 80         LD A, (NextBallColor)
5206  7E9F C6 C0            ADD A, 192                            ; TNUM_L = 192 + COLOR (0xC0 + COLOR = 2496+COLOR low byte)
5207  7EA1 77               LD (HL), A
5207  7EA2 23             INC HL
5208  7EA3 3A 40 80         LD A, (NextBallColor)
5209  7EA6 C6 02            ADD A, 2
5210  7EA8 87               ADD A, A
5210  7EA9 87             ADD A, A
5210  7EAA 87             ADD A, A
5210  7EAB 87             ADD A, A
5211  7EAC F6 09            OR 9
5212  7EAE 77               LD (HL), A
5213  7EAF
5214  7EAF 01 AF 15         LD BC, FMADDR
5214  7EB2 AF             XOR A
5214  7EB3 ED 79          OUT (C), A
5215  7EB5 C9               RET
5216  7EB6
5217  7EB6              .bps_invisible:
5218  7EB6 01 AF 15         LD BC, FMADDR
5218  7EB9 3E 10          LD A, FM_EN
5218  7EBB ED 79          OUT (C), A
5219  7EBD 21 0C 02         LD HL, DESC_BACK_PREVIEW
5220  7EC0 36 2C            LD (HL), 44
5220  7EC2 23             INC HL
5221  7EC3 36 21            LD (HL), SPACT+SPSIZ8+1
5221  7EC5 23             INC HL
5222  7EC6 36 00            LD (HL), 0
5222  7EC8 23             INC HL
5223  7EC9 36 00            LD (HL), SPSIZ8
5223  7ECB 23             INC HL
5224  7ECC 36 00            LD (HL), 0
5224  7ECE 23             INC HL
5225  7ECF 36 00            LD (HL), 0
5226  7ED1 01 AF 15         LD BC, FMADDR
5226  7ED4 AF             XOR A
5226  7ED5 ED 79          OUT (C), A
5227  7ED7 C9               RET
5228  7ED8
5229  7ED8              ; ================================================================
5230  7ED8              ; ОБРАБОТКА МЫШИ — абс. позиция курсора + левая кнопка = выстрел
5231  7ED8              ; Kempston Mouse: счётчики X/Y относительные (8-bit wrap), знаковая дельта
5232  7ED8              ; ================================================================
5233  7ED8              ; ================================================================
5234  7ED8              ; APPLY SMOOTH MOUSE — exponential moving average alpha=1/4.
5235  7ED8              ;   smooth = (smooth*3 + raw) / 4
5236  7ED8              ; Раз за кадр после HandleMouse. Inputs: MouseAbsX/Y (16-bit raw, 0..CURSOR_MAX).
5237  7ED8              ; Outputs: SmoothMouseX/Y (16-bit), используется в ComputeFrogAngle / UpdateCursorSprite.
5238  7ED8              ; Гасит ±1-2 px kempston jitter; latency ~3-4 кадра до 95% от raw.
5239  7ED8              ; Источник: VDAC2 → VDC чат 2026-05-09 17:30.
5240  7ED8              ; ================================================================
5241  7ED8              ApplySmoothMouse:
5242  7ED8                  ; --- X: HL = (SmoothX*3 + RawX) / 4 ---
5243  7ED8 2A 60 80         LD HL, (SmoothMouseX)
5244  7EDB 54               LD D, H
5244  7EDC 5D             LD E, L
5245  7EDD 19               ADD HL, DE                ; HL = smooth*2
5246  7EDE 19               ADD HL, DE                ; HL = smooth*3
5247  7EDF ED 5B 5E 80      LD DE, (MouseAbsX)
5248  7EE3 19               ADD HL, DE                ; HL = smooth*3 + raw
5249  7EE4 CB 3C            SRL H
5249  7EE6 CB 1D          RR L
5250  7EE8 CB 3C            SRL H
5250  7EEA CB 1D          RR L              ; HL /= 4
5251  7EEC 22 60 80         LD (SmoothMouseX), HL
5252  7EEF
5253  7EEF                  ; --- Y: HL = (SmoothY*3 + RawY) / 4 ---
5254  7EEF 2A 62 80         LD HL, (SmoothMouseY)
5255  7EF2 54               LD D, H
5255  7EF3 5D             LD E, L
5256  7EF4 19               ADD HL, DE
5257  7EF5 19               ADD HL, DE
5258  7EF6 ED 5B 64 80      LD DE, (MouseAbsY)
5259  7EFA 19               ADD HL, DE
5260  7EFB CB 3C            SRL H
5260  7EFD CB 1D          RR L
5261  7EFF CB 3C            SRL H
5261  7F01 CB 1D          RR L
5262  7F03 22 62 80         LD (SmoothMouseY), HL
5263  7F06 C9               RET
5264  7F07
5265  7F07              HandleMouse:
5266  7F07                  ; Сбрасываем флаг "мышь двигалась" — взводим только при ненулевой дельте
5267  7F07 AF               XOR A
5268  7F08 32 66 80         LD (MouseMoved), A
5269  7F0B
5270  7F0B                  ; --- X (накапливаем абсолютную позицию курсора) ---
5271  7F0B 01 DF FB         LD BC, MOUSE_X
5272  7F0E ED 78            IN A, (C)
5273  7F10 21 5C 80         LD HL, MouseXPrev
5274  7F13 46               LD B, (HL)
5275  7F14 77               LD (HL), A
5276  7F15 90               SUB B               ; A = дельта X (знаковый 8-bit)
5277  7F16 CD AC 7F         CALL ClampDelta     ; |delta|>100 → 0 (фильтр выбросов 8-bit wrap)
5278  7F19 28 07            JR Z, .mx_zero
5279  7F1B F5               PUSH AF
5280  7F1C 3E 01            LD A, 1
5281  7F1E 32 66 80         LD (MouseMoved), A
5282  7F21 F1               POP AF
5283  7F22              .mx_zero:
5284  7F22 5F               LD E, A
5285  7F23 16 00            LD D, 0
5286  7F25 CB 7F            BIT 7, A
5287  7F27 28 01            JR Z, .mx_pos
5288  7F29 15               DEC D
5289  7F2A              .mx_pos:
5290  7F2A 2A 5E 80         LD HL, (MouseAbsX)
5291  7F2D 19               ADD HL, DE
5292  7F2E CB 7C            BIT 7, H
5293  7F30 28 05            JR Z, .mx_hi
5294  7F32 21 00 00         LD HL, 0
5295  7F35 18 10            JR .mx_done
5296  7F37              .mx_hi:
5297  7F37 11 58 01         LD DE, CURSOR_MAX_X
5298  7F3A 7C               LD A, H
5298  7F3B BA             CP D
5298  7F3C 38 09          JR C, .mx_done
5299  7F3E 20 04            JR NZ, .mx_clamp
5300  7F40 7D               LD A, L
5300  7F41 BB             CP E
5300  7F42 38 03          JR C, .mx_done
5301  7F44              .mx_clamp:
5302  7F44 21 58 01         LD HL, CURSOR_MAX_X
5303  7F47              .mx_done:
5304  7F47 22 5E 80         LD (MouseAbsX), HL
5305  7F4A
5306  7F4A                  ; --- Y (накапливаем абсолютную позицию курсора) ---
5307  7F4A 01 DF FF         LD BC, MOUSE_Y
5308  7F4D ED 78            IN A, (C)
5309  7F4F 21 5D 80         LD HL, MouseYPrev
5310  7F52 46               LD B, (HL)
5311  7F53 77               LD (HL), A
5312  7F54 90               SUB B
5313  7F55 ED 44            NEG                 ; Kempston Y: positive=up, invert for screen Y-down
5314  7F57 CD AC 7F         CALL ClampDelta     ; |delta|>100 → 0 (фильтр выбросов 8-bit wrap)
5315  7F5A 28 07            JR Z, .my_zero
5316  7F5C F5               PUSH AF
5317  7F5D 3E 01            LD A, 1
5318  7F5F 32 66 80         LD (MouseMoved), A
5319  7F62 F1               POP AF
5320  7F63              .my_zero:
5321  7F63 5F               LD E, A
5322  7F64 16 00            LD D, 0
5323  7F66 CB 7F            BIT 7, A
5324  7F68 28 01            JR Z, .my_pos
5325  7F6A 15               DEC D
5326  7F6B              .my_pos:
5327  7F6B 2A 64 80         LD HL, (MouseAbsY)
5328  7F6E 19               ADD HL, DE
5329  7F6F CB 7C            BIT 7, H
5330  7F71 28 05            JR Z, .my_hi
5331  7F73 21 00 00         LD HL, 0
5332  7F76 18 10            JR .my_done
5333  7F78              .my_hi:
5334  7F78 11 10 01         LD DE, CURSOR_MAX_Y
5335  7F7B 7C               LD A, H
5335  7F7C BA             CP D
5335  7F7D 38 09          JR C, .my_done
5336  7F7F 20 04            JR NZ, .my_clamp
5337  7F81 7D               LD A, L
5337  7F82 BB             CP E
5337  7F83 38 03          JR C, .my_done
5338  7F85              .my_clamp:
5339  7F85 21 10 01         LD HL, CURSOR_MAX_Y
5340  7F88              .my_done:
5341  7F88 22 64 80         LD (MouseAbsY), HL
5342  7F8B
5343  7F8B                  ; Low-pass фильтр (exp moving avg, alpha=1/4) — гасит kempston jitter ±1-2 px.
5344  7F8B                  ; smooth = (smooth*3 + raw) / 4. Применяется ВСЕГДА (даже когда raw не двигалась)
5345  7F8B                  ; — иначе при остановке курсор «застывает» на raw без сглаживания, видимый микро-jitter.
5346  7F8B CD D8 7E         CALL ApplySmoothMouse
5347  7F8E
5348  7F8E                  ; Повернуть лягушку в сторону курсора — только если мышь двигалась
5349  7F8E 3A 66 80         LD A, (MouseMoved)
5350  7F91 B7               OR A
5351  7F92 C4 1B 64         CALL NZ, ComputeFrogAngle
5352  7F95
5353  7F95                  ; Mouse fire: Unreal Speccy кладёт ЛКМ в бит 0 порта #FADF (а не в бит 1
5354  7F95                  ; как стандарт Kempston). Polarity нормальная: 1=нажата.
5355  7F95                  ; Нарастающий фронт 0→1 = выстрел ровно один раз при нажатии.
5356  7F95 01 DF FA         LD BC, MOUSE_BTN
5357  7F98 ED 78            IN A, (C)
5358  7F9A E6 01            AND %00000001                  ; ЛКМ — бит 0 в Unreal
5359  7F9C 21 67 80         LD HL, MouseBtnPrev
5360  7F9F 46               LD B, (HL)
5361  7FA0 77               LD (HL), A
5362  7FA1 B7               OR A
5363  7FA2 28 07            JR Z, .no_shot                 ; ЛКМ не нажата → ничего
5364  7FA4 78               LD A, B
5365  7FA5 B7               OR A
5366  7FA6 20 03            JR NZ, .no_shot                ; ЛКМ была нажата в прошлом кадре → не первый кадр
5367  7FA8 CD D9 64         CALL ShootBall
5368  7FAB              .no_shot:
5369  7FAB C9               RET
5370  7FAC
5371  7FAC              ; ================================================================
5372  7FAC              ; ClampDelta — фильтр выбросов от 8-bit wrap Kempston Mouse
5373  7FAC              ; Вход:  A = знаковая дельта (-128..127)
5374  7FAC              ; Выход: A = A если |A|<=100, иначе 0. Z флаг отражает результат.
5375  7FAC              ; Сохраняет: BC, DE, HL.
5376  7FAC              ; ================================================================
5377  7FAC              ClampDelta:
5378  7FAC                  ; В fullscreen mouse capture wrap почти не возникает — порог поднят до 127.
5379  7FAC                  ; Так что фактически фильтр пропускает любую дельту, оставаясь как safety.
5380  7FAC B7               OR A
5381  7FAD C8               RET Z
5382  7FAE C5               PUSH BC
5383  7FAF 4F               LD C, A
5384  7FB0 CB 7F            BIT 7, A
5385  7FB2 28 0A            JR Z, .cd_pos
5386  7FB4 ED 44            NEG
5387  7FB6 FE 80            CP 128
5388  7FB8 30 0B            JR NC, .cd_zero
5389  7FBA 79               LD A, C
5390  7FBB C1               POP BC
5391  7FBC B7               OR A
5392  7FBD C9               RET
5393  7FBE              .cd_pos:
5394  7FBE FE 80            CP 128
5395  7FC0 30 03            JR NC, .cd_zero
5396  7FC2 C1               POP BC
5397  7FC3 B7               OR A
5398  7FC4 C9               RET
5399  7FC5              .cd_zero:
5400  7FC5 C1               POP BC
5401  7FC6 AF               XOR A
5402  7FC7 C9               RET
5403  7FC8
5404  7FC8              ; ================================================================
5405  7FC8              ; ПАЛИТРА:
5406  7FC8              ; SPAL=0 (CRAM #0000-#001F) — жаба (frog_pal.bin)
5407  7FC8              ; SPAL=1 (CRAM #0020-#003F) — курсор (cursor_pal.bin)
5408  7FC8              ; SPAL=2..7 (CRAM #0040-#00FF) — 6 шаров (balls_pal.bin, 192 байта)
5409  7FC8              ; CRAM #0100..#01FF — 128 цветов фона уровня (canvas pixel value = direct CRAM index 128..255)
5410  7FC8              ; ================================================================
5411  7FC8              InitPalette:
5412  7FC8 01 AF 15         LD BC, FMADDR
5412  7FCB 3E 10          LD A, FM_EN
5412  7FCD ED 79          OUT (C), A
5413  7FCF 01 AF 07         LD BC, PALSEL
5413  7FD2 AF             XOR A
5413  7FD3 ED 79          OUT (C), A
5414  7FD5 21 A0 86         LD HL, PaletteData
5414  7FD8 11 00 00       LD DE, #0000
5414  7FDB 01 00 02       LD BC, 512
5414  7FDE ED B0          LDIR
5415  7FE0 21 A0 88         LD HL, CursorPalette
5415  7FE3 11 20 00       LD DE, #0020
5415  7FE6 01 20 00       LD BC, 32
5415  7FE9 ED B0          LDIR
5416  7FEB 21 C0 88         LD HL, BallsPalette
5416  7FEE 11 40 00       LD DE, #0040
5416  7FF1 01 C0 00       LD BC, 192
5416  7FF4 ED B0          LDIR
5417  7FF6 21 80 89         LD HL, BgCanvasPalette
5417  7FF9 11 00 01       LD DE, #0100
5417  7FFC 01 00 01       LD BC, 256
5417  7FFF ED B0          LDIR
5418  8001 01 AF 15         LD BC, FMADDR
5418  8004 AF             XOR A
5418  8005 ED 79          OUT (C), A
5419  8007 C9               RET
5420  8008
5421  8008              ; ================================================================
5422  8008              ; LoadGameOverPalette — replace red ball palette (SPAL=5, CRAM #00A0..#00BF)
5423  8008              ; with custom yellow+red gradient. Called when entering state 2.
5424  8008              ; ================================================================
5425  8008              LoadGameOverPalette:
5426  8008 01 AF 15         LD BC, FMADDR
5426  800B 3E 10          LD A, FM_EN
5426  800D ED 79          OUT (C), A
5427  800F 21 C0 8A         LD HL, GameOverPalette
5428  8012 11 A0 00         LD DE, #00A0
5429  8015 01 20 00         LD BC, 32
5430  8018 ED B0            LDIR
5431  801A 01 AF 15         LD BC, FMADDR
5431  801D AF             XOR A
5431  801E ED 79          OUT (C), A
5432  8020 C9               RET
5433  8021
5434  8021              ; ================================================================
5435  8021              ; RestoreRedBallPalette — копирует red ball палитру обратно из BallsPalette.
5436  8021              ; Called в InitGame чтобы после restart'а red ball был восстановлен.
5437  8021              ; ================================================================
5438  8021              RestoreRedBallPalette:
5439  8021 01 AF 15         LD BC, FMADDR
5439  8024 3E 10          LD A, FM_EN
5439  8026 ED 79          OUT (C), A
5440  8028 21 20 89         LD HL, BallsPalette + 96    ; offset red palette в BallsPalette (3*32)
5441  802B 11 A0 00         LD DE, #00A0
5442  802E 01 20 00         LD BC, 32
5443  8031 ED B0            LDIR
5444  8033 01 AF 15         LD BC, FMADDR
5444  8036 AF             XOR A
5444  8037 ED 79          OUT (C), A
5445  8039 C9               RET
5446  803A
5447  803A
5448  803A              ; ================================================================
5449  803A              ; ДАННЫЕ
5450  803A              ; ================================================================
5451  803A 98 00        FrogX:      DW FROG_INIT_X
5452  803C 6C 00        FrogY:      DW FROG_INIT_Y
5453  803E 00           FrogAngle:  DB 0
5454  803F 04           LevelNumColors: DB 4   ; level 1 = 4 colors (per ZumaHD levels.xml settings/level1)
5455  8040                                     ; RandomBallColor / RandomChainColor берут mod этого значения.
5456  8040 00           NextBallColor: DB 0    ; цвет следующего выстрела (RandomBallColor: LFSR × RTC сек)
5457  8041 00 00        BallColorSeed:  DW 0   ; seed LFSR для NextBallColor (init из RTC секунд)
5458  8043 00 00        ChainColorSeed: DW 0   ; seed LFSR для NextChainColor (init фикс, scramble RTC при первом вызове)
5459  8045 01           ChainColorFirst: DB 1  ; флаг "первый вызов RandomChainColor" (для RTC scramble)
5460  8046 00           CascadeState:    DB 0  ; legacy, не используется в VDC-модели (= всегда 0)
5461  8047 00           CascadeIdx:      DB 0
5462  8048 00           CascadeWait:     DB 0
5463  8049 00           CascadeDelay:    DB 0
5464  804A 00           StopModeTimer:   DB 0
5465  804B 00           CompactTimer:    DB 0
5466  804C 00           GapStepCounter:  DB 0  ; subdivider для GAP movement (1 step каждые GAP_STEP_FRAMES)
5467  804D 00           ChainFreezeCounter: DB 0 ; пауза hsub-инкремента на N кадров после insert/cascade-close
5468  804E 00           MatchScanIdx:    DB 0  ; idx где scan для new match (set после GAP closure), #FF = no scan
5469  804F 00           TmpGapIdx:       DB 0  ; рабочий регистр в DoGapStep (idx найденного GAP-cell для удаления)
5470  8050 00           KzFrame:         DB 0  ; current killzone animation frame (0..KZ_NUM_FRAMES-1)
5471  8051 00           KzFrameWait:     DB 0  ; счётчик кадров до switch на след. anim-frame
5472  8052 00           KzTargetFrame:   DB 0  ; target frame (current animation moves toward it)
5473  8053 00           KzFrameLastBurned: DB 0  ; последний frame, выпеченный в golden — для re-burn при изменении
5474  8054 00 00        KzCenterX:       DW 0  ; центр killzone (= TrackData[TRACK_NUM_POINTS-1])
5475  8056 00 00        KzCenterY:       DW 0
5476  8058 00           KzVisible:       DB 0  ; 1 = killzone готов к рендеру (после Init)
5477  8059 00           TmpColorMask:    DB 0  ; 6-бит маска цветов цепочки (BuildColorMask)
5478  805A 00           ShotCooldown:    DB 0  ; счётчик кадров между выстрелами (preview скрыт когда > 0)
5479  805B 00           KeySpacePrev: DB 0     ; флаг debounce Space
5480  805C 00           MouseXPrev: DB 0
5481  805D 00           MouseYPrev: DB 0
5482  805E E0 00        MouseAbsX:  DW MOUSE_INIT_X   ; курсор справа от лягушки → стартовый угол ~0
5483  8060 E0 00        SmoothMouseX: DW MOUSE_INIT_X ; low-pass smoothed X (init = центр жабы)
5484  8062 8C 00        SmoothMouseY: DW MOUSE_INIT_Y ; low-pass smoothed Y
5485  8064 8C 00        MouseAbsY:  DW MOUSE_INIT_Y
5486  8066 00           MouseMoved:       DB 0  ; флаг: 1 если мышь двигалась в этом кадре
5487  8067 03           MouseBtnPrev:     DB 3  ; "нейтральное" состояние кнопок мыши (запомнено в InitGame)
5488  8068 00           MouseBtnFireFlag: DB 0  ; 1 = выстрел уже сработал на текущем нажатии (debounce)
5489  8069 00           TmpAngle:         DB 0  ; временный угол для SpawnBall
5490  806A 00           TmpSpeed:         DB 0  ; временная скорость для SpawnBall
5491  806B 00 00        TmpChainX:        DW 0  ; top-left X (UpdateChainSprites)
5492  806D 00 00        TmpChainY:        DW 0  ; top-left Y
5493  806F 00           TmpChainColor:    DB 0  ; цвет (UpdateChainSprites)
5494  8070 00           TmpChainIdx:      DB 0  ; текущий индекс i в цикле по цепочке
5495  8071 00           FrameCounter:     DB 0  ; счётчик кадров
5496  8072 00           TickCount:        DB 0  ; инкрементируется ISR каждый vblank IRQ (50 Hz)
5497  8073 00           ProcessedTicks:   DB 0  ; счётчик обработанных в MainLoop тиков (Fixed Timestep)
5498  8074 00           BallsSpawned:     DB 0  ; всего заспавнено шаров для уровня (0..LEVEL_TOTAL_BALLS, saturate 255)
5499  8075 00           ChainStalled:     DB 0  ; 1 = head ждёт хвост (stop-mode после match-3); 0 = норм. движение
5500  8076 00           NextChainColor:   DB 0  ; цвет следующего шара спавна цепочки (0..3, цикл)
5501  8077 00 00        TmpBallCX:        DW 0  ; центр летящего шара (коллизия)
5502  8079 00 00        TmpBallCY:        DW 0
5503  807B 00 00        TmpChainCX:       DW 0  ; центр шара цепочки (из TrackData)
5504  807D 00 00        TmpChainCY:       DW 0
5505  807F 00           TmpInsertIdx:     DB 0  ; индекс вставки (InsertChainBall)
5506  8080 00           TmpExpFrameIdx:   DB 0  ; UpdateExplodeSprites: 0..6 destroy frame
5507  8081 00           TmpExpColor:      DB 0  ; UpdateExplodeSprites: цвет шара (для SPAL)
5508  8082 00 00        TmpExpX:          DW 0  ; UpdateExplodeSprites: top-left X
5509  8084 00 00        TmpExpY:          DW 0  ; UpdateExplodeSprites: top-left Y
5510  8086 00 00        TmpExpTNUM:       DW 0  ; UpdateExplodeSprites: TNUM байт-pair
5511  8088 00           TmpExpTSUSlot:    DB 0  ; UpdateExplodeSprites: индекс свободного TSU-слота для следующего descriptor'а
5512  8089 00           TmpExpYShifted:   DB 0  ; 1 если используется shifted-up variant (для trackY<8)
5513  808A 00           TmpHemSlotIdx:    DB 0  ; вход для ComputeSlotXY
5514  808B 00 00        TmpHemX:          DW 0  ; выход ComputeSlotXY: X
5515  808D 00 00        TmpHemY:          DW 0  ; выход ComputeSlotXY: Y
5516  808F 00 00        TmpDistPrev:      DW 0  ; Manhattan дистанция от ball до prev-соседа
5517  8091 00 00        TmpDistNext:      DW 0  ; Manhattan дистанция от ball до next-соседа
5518  8093 00           TmpHasPrev:       DB 0  ; 1 если найден non-GAP сосед слева от hit
5519  8094 00           TmpHasNext:       DB 0  ; 1 если найден non-GAP сосед справа от hit
5520  8095 00           TmpTargetIdx:     DB 0  ; финальный target_idx для InsertChainBall (i или i+1)
5521  8096 00           TmpNewOffset:     DB 0  ; временный offset для нового шара (midpoint formula)
5522  8097 00           TmpInsertColor:   DB 0  ; цвет вставляемого шара
5523  8098 00 00        TmpTargetX:       DW 0  ; target top-left X для approach-шара
5524  809A 00 00        TmpTargetY:       DW 0
5525  809C 00           TmpMatchColor:    DB 0  ; цвет run'а в CheckMatch3
5526  809D 00           TmpMatchLeft:     DB 0  ; левая граница run'а (включительно)
5527  809E 00           TmpMatchRight:    DB 0  ; правая граница run'а (включительно)
5528  809F 00           TmpMatchCount:    DB 0  ; длина run'а (>=3)
5529  80A0 00           TmpMatchHalfShift: DB 0 ; legacy от rigid-body модели; в VDC не используется
5530  80A1              ; Кеш направления frog (заполняется в UpdateFrogSprite, читается в Update*Preview):
5531  80A1 00           FrogDirCos: DB 0       ; signed: -16..+16 (CosTab16[FrogAngle>>3])
5532  80A2 00           FrogDirSin: DB 0       ; signed: -16..+16 (SinTab16[FrogAngle>>3])
5533  80A3 00           TmpCopyCount:     DB 0  ; число шаров хвоста, которые двигаем влево
5534  80A4
5535  80A4              BallTable:
5536  80A4 00 00 00...      DS MAX_BALLS * 8
5537  80E4
5538  80E4              BallTargetIdx:
5539  80E4 00 00 00...      DS MAX_BALLS                        ; цель chain-индекс для approach-state шаров
5540  80EC
5541  80EC              ; --- ChainStateBlock для Chain0 (slot-array model, единственный источник правды).
5542  80EC 00 00 00...  Chain0_Slots:           DS MAX_SLOTS_PER_CHAIN ; цвет либо GAP_MARKER (Init заполнит GAP)
5543  81DC 00 00 00...  Chain0_SlotOffsets:     DS MAX_SLOTS_PER_CHAIN ; signed sub-cell offset для match/insert anim
5544  82CC 00 00 00...  Chain0_Shot2:           DS MAX_SLOTS_PER_CHAIN ; виртуальный выстрел тип 2 (= match-trigger
5545  83BC                                                             ; рядом с закрытым GAP). 1=marker, 0=пусто.
5546  83BC                                                             ; Ставится CheckMatch3 на Slots[lb-1] и Slots[rb+1]
5547  83BC                                                             ; при появлении GAP. Сканируется после GAP closure:
5548  83BC                                                             ; если рядом 3-в-ряд → match-3, иначе marker очищается.
5549  83BC 00 00 00...  Chain0_ExplodingFrame:  DS MAX_SLOTS_PER_CHAIN ; 0 = норм, 1..EXPLOSION_FRAMES = идёт анимация взрыва.
5550  84AC                                                             ; В первых EXPLOSION_HIDE_AT-1 кадров шар виден (Slots[i]=color),
5551  84AC                                                             ; затем DESTROY (не рендерится). После EXPLOSION_FRAMES финализация →
5552  84AC                                                             ; Slots[i]=ExplodingMarker[i], ExplodingFrame[i]=0, DoGapStep продолжает.
5553  84AC 00 00 00...  Chain0_ExplodingMarker: DS MAX_SLOTS_PER_CHAIN ; GAP_STOP или GAP_CASCADE — value для финализации после anim.
5554  859C 00           Chain0_HeadSlotAbs:     DB 0                   ; абс. track-slot для Chain0_Slots[0]
5555  859D 00           Chain0_HeadSub:         DB 0                   ; 0..CELL_SIZE-1 sub-cell progress головы
5556  859E 00           Chain0_SlotsLen:        DB 0                   ; длина active range
5557  859F
5558  859F              ; ================================================================
5559  859F              ; ДАННЫЕ ПАЛИТРЫ И ТАБЛИЦ — РАЗМЕЩЕНЫ ПЕРЕД ТРЕКОМ.
5560  859F              ; Палитра и таблицы должны быть в slot 1 (page 5), потому что код их адресует
5561  859F              ; абсолютным адресом и читает в InitGame/runtime, ДО восстановления PAGE2=2.
5562  859F              ; Большой track последним — может вылезать в slot 2 (page 2), нормально читается
5563  859F              ; пока PAGE2 register = 2 (что мы восстанавливаем после tile-fill в InitGame).
5564  859F              ; ================================================================
5565  859F              ; atan(i/128)*256/(2*pi) для i=0..128, 129 элементов
5566  859F              ; 4× разрешение vs исходной 33-элементной таблицы.
5567  859F              ; Idx 128 (= точная диагональ E=C) = 32 unit = 45°
5568  859F              AtanTable:
5569  859F 00 00 01 01      DB  0,  0,  1,  1,  1,  2,  2,  2
5569  85A3 01 02 02 02
5570  85A7 03 03 03 03      DB  3,  3,  3,  3,  4,  4,  4,  5
5570  85AB 04 04 04 05
5571  85AF 05 05 06 06      DB  5,  5,  6,  6,  6,  7,  7,  7
5571  85B3 06 07 07 07
5572  85B7 08 08 08 08      DB  8,  8,  8,  8,  9,  9,  9, 10
5572  85BB 09 09 09 0A
5573  85BF 0A 0A 0B 0B      DB 10, 10, 11, 11, 11, 11, 12, 12
5573  85C3 0B 0B 0C 0C
5574  85C7 0C 0D 0D 0D      DB 12, 13, 13, 13, 13, 14, 14, 14
5574  85CB 0D 0E 0E 0E
5575  85CF 0F 0F 0F 0F      DB 15, 15, 15, 15, 16, 16, 16, 17
5575  85D3 10 10 10 11
5576  85D7 11 11 11 12      DB 17, 17, 17, 18, 18, 18, 18, 19
5576  85DB 12 12 12 13
5577  85DF 13 13 13 14      DB 19, 19, 19, 20, 20, 20, 20, 21
5577  85E3 14 14 14 15
5578  85E7 15 15 15 16      DB 21, 21, 21, 22, 22, 22, 22, 23
5578  85EB 16 16 16 17
5579  85EF 17 17 17 17      DB 23, 23, 23, 23, 24, 24, 24, 24
5579  85F3 18 18 18 18
5580  85F7 19 19 19 19      DB 25, 25, 25, 25, 25, 26, 26, 26
5580  85FB 19 1A 1A 1A
5581  85FF 1A 1A 1B 1B      DB 26, 26, 27, 27, 27, 27, 27, 28
5581  8603 1B 1B 1B 1C
5582  8607 1C 1C 1C 1C      DB 28, 28, 28, 28, 29, 29, 29, 29
5582  860B 1D 1D 1D 1D
5583  860F 1D 1D 1E 1E      DB 29, 29, 30, 30, 30, 30, 30, 31
5583  8613 1E 1E 1E 1F
5584  8617 1F 1F 1F 1F      DB 31, 31, 31, 31, 31, 32, 32, 32
5584  861B 1F 20 20 20
5585  861F 20               DB 32
5586  8620
5587  8620              ; Sin/Cos нормализованные направления (-4..+4) для 32 кадров стрельбы.
5588  8620              ; Используются в SpawnBall (стартовая позиция шара = жабо-центр + 6*Dir)
5589  8620              ; и в MoveBall (BallX/Y += Dir каждый кадр).
5590  8620              DirXTable:
5591  8620 04 04 04 03      DB   4,   4,   4,   3,   3,   2,   2,   1
5591  8624 03 02 02 01
5592  8628 00 FF FE FE      DB   0, 255, 254, 254, 253, 253, 252, 252
5592  862C FD FD FC FC
5593  8630 FC FC FC FD      DB 252, 252, 252, 253, 253, 254, 254, 255
5593  8634 FD FE FE FF
5594  8638 00 01 02 02      DB   0,   1,   2,   2,   3,   3,   4,   4
5594  863C 03 03 04 04
5595  8640              DirYTable:
5596  8640 00 01 02 02      DB   0,   1,   2,   2,   3,   3,   4,   4
5596  8644 03 03 04 04
5597  8648 04 04 04 03      DB   4,   4,   4,   3,   3,   2,   2,   1
5597  864C 03 02 02 01
5598  8650 00 FF FE FE      DB   0, 255, 254, 254, 253, 253, 252, 252
5598  8654 FD FD FC FC
5599  8658 FC FC FC FD      DB 252, 252, 252, 253, 253, 254, 254, 255
5599  865C FD FE FE FF
5600  8660
5601  8660              ; Cos/Sin × 16, signed 8-bit, 32 точки на круге (шаг 11.25°). Константный радиус 16,
5602  8660              ; используются для размещения mouth-ball и back-preview на edge frog 64×64.
5603  8660              ; CosTab[N] = X-component, SinTab[N] = Y-component (screen-coords: +Y вниз).
5604  8660              CosTab16:
5605  8660 10 10 0F 0D      DB  16,  16,  15,  13,  11,   9,   6,   3
5605  8664 0B 09 06 03
5606  8668 00 FD FA F7      DB   0, 253, 250, 247, 245, 243, 241, 240
5606  866C F5 F3 F1 F0
5607  8670 F0 F0 F1 F3      DB 240, 240, 241, 243, 245, 247, 250, 253
5607  8674 F5 F7 FA FD
5608  8678 00 03 06 09      DB   0,   3,   6,   9,  11,  13,  15,  16
5608  867C 0B 0D 0F 10
5609  8680              SinTab16:
5610  8680 00 03 06 09      DB   0,   3,   6,   9,  11,  13,  15,  16
5610  8684 0B 0D 0F 10
5611  8688 10 10 0F 0D      DB  16,  16,  15,  13,  11,   9,   6,   3
5611  868C 0B 09 06 03
5612  8690 00 FD FA F7      DB   0, 253, 250, 247, 245, 243, 241, 240
5612  8694 F5 F3 F1 F0
5613  8698 F0 F0 F1 F3      DB 240, 240, 241, 243, 245, 247, 250, 253
5613  869C F5 F7 FA FD
5614  86A0
5615  86A0              PaletteData:
5616  86A0                  INCBIN "frog_pal.bin"           ; 512 байт CRAM, записи 0-15 = жаба (SPAL=0)
5617  88A0              CursorPalette:
5618  88A0                  INCBIN "cursor_pal.bin"         ; 32 байта CRAM, 16 записей для SPAL=1
5619  88C0              BallsPalette:
5620  88C0                  INCBIN "balls_pal.bin"          ; 192 байт = 6 палитр × 32 (SPAL 2..7)
5621  8980              BgCanvasPalette:
5622  8980                  INCBIN "level_01_canvas_pal.bin"  ; 256 байт = 128 цветов CRAM #0100..#01FF
5623  8A80              BallsDmaPalette:
5624  8A80                  INCBIN "balls_dma_pal.bin"        ; 64 байта = 32 word, грузить в CRAM #80 (= byte offset 256)
5625  8AC0              GameOverPalette:
5626  8AC0                  INCBIN "gameover_pal.bin"         ; 32 байта = 16 CRAM words. Замещает red ball palette в state 2.
5627  8AE0
5628  8AE0              ; Трек уровня. Spgbld page 2 ограничена 16K (0x8000-0xBFFF).
5629  8AE0              ; Делим level_01.bin на 2 части: [0..N1] в slot 2 page 2, [N1..end] в slot 3 page #0C.
5630  8AE0              ; ВАЖНО: ComputeSlotXY и killzone-init читают через virtual address 0x969C+ который
5631  8AE0              ; пересекает 0xC000 boundary — runtime PAGE3=#0C maps slot 3 к нужным байтам.
5632  8AE0              ; ORG #969C принудительно — иначе sjasmplus emit может сдвинуться при изменениях в коде
5633  8AE0              ; и track[3095] не попадёт точно на 0xC6F8 (killzone) в overflow page.
5634  8AE0                  ORG #969C
5635  969C              TrackData:
5636  969C                  INCBIN "level_01.bin", 0, 10596    ; first 10596 bytes → 0x969C..0xBFFF (slot 2 page 2)
5637  C000              TRACK_DATA_P1_END:
5638  C000
5639  C000                  SLOT 3
5639  C000                PAGE #0C
5639  C000                ORG #C000      ; явно switch к slot 3 page #60 для overflow
5640  C000              TrackOverflow:
5641  C000                  INCBIN "level_01.bin", 10596       ; remaining 1790 bytes → 0xC000..0xC6FD
5642  C456              TrackEnd:
5643  C456              TRACK_NUM_POINTS EQU (TrackEnd - TrackOverflow + 10596 - 2) / 4  ; = 3096
5644  C456
5645  C456                  SLOT 2
5645  C456                PAGE 2                    ; вернуться в page 2 для следующих ORG'ов
5646  C456
5647  C456                  ; Frog 64×64 — 4 страницы (carpet rows 0..31). SGPAGE=6.
5648  C456                  SLOT 1
5648  C456                PAGE 6
5648  C456                ORG #4000
5649  4000                  INCBIN "frog_gfx_64.bin", 0, 16384
5650  8000
5651  8000                  SLOT 1
5651  8000                PAGE 7
5651  8000                ORG #4000
5652  4000                  INCBIN "frog_gfx_64.bin", 16384, 16384
5653  8000
5654  8000                  SLOT 1
5654  8000                PAGE 8
5654  8000                ORG #4000
5655  4000                  INCBIN "frog_gfx_64.bin", 32768, 16384
5656  8000
5657  8000                  SLOT 1
5657  8000                PAGE 9
5657  8000                ORG #4000
5658  4000                  INCBIN "frog_gfx_64.bin", 49152, 16384
5659  8000
5660  8000                  ; Cursor + balls + preview в page 10 (=#A): начинается с carpet row 32 = TNUM 2048
5661  8000                  SLOT 1
5661  8000                PAGE 10
5661  8000                ORG #4000
5662  4000                  INCBIN "cursor_gfx.bin"          ; курсор 16×16 — carpet rows 32..33 (TNUM 2048..2051)
5663  5000 00 00 00...      DEFS 4096, 0                     ; carpet rows 34..35 пусто
5664  6000                  INCBIN "balls24_gfx.bin"         ; 6 шаров 24×24 — carpet rows 36..38 (TNUM 2304..)
5665  7800                  INCBIN "preview_gfx.bin"         ; 6 preview 8×8 — carpet row 38 (TNUM 2432..)
5666  8000
5667  8000                  ; Destroy-frames в page 11 (=#B): carpet rows 40..47 (TNUM 2560..)
5668  8000                  ; 7 frames × 24×24 в первых 3 carpet-rows (rows 40..42).
5669  8000                  ; После destroy в той же page — kz skull atlas (10 frames × 32×32, carpet rows 4..7).
5670  8000                  SLOT 1
5670  8000                PAGE 11
5670  8000                ORG #4000
5671  4000                  INCBIN "destroy_gfx.bin"         ; 7 frames × 24×24, carpet rows 40..42 (TNUM 2560..2580)
5672  6000                  ORG #6000                        ; byte 8192 of page = carpet cy=4
5673  6000                  INCBIN "kz_skull_atlas.bin"      ; 10 skull frames 32×32, carpet rows 4..7 (TNUM 2816+N*4)
5674  8000
5675  8000                  ; Text overlays — двойная буферизация:
5676  8000                  ;   page #0D = active overlay (= page_d.bin). Reconfigurable DMA-copy при смене состояний.
5677  8000                  ;   Initial content = LEVEL 1-1 + SPIRAL OF DOOM (для первого state 3 intro).
5678  8000                  ;   page #50 = source GAME OVER atlas — подгружается напрямую через spgbld.ini.
5679  8000                  ;   page #51 = source LEVEL INTRO atlas — подгружается напрямую через spgbld.ini.
5680  8000                  ;   (sjasmplus PAGE limit = 0..63, поэтому SAVEBIN для #50/#51 невозможен —
5681  8000                  ;    использовать готовые atlas-binaries через spgbld Block directive.)
5682  8000                  SLOT 1
5682  8000                PAGE 13
5682  8000                ORG #4000
5683  4000                  INCBIN "level_intro_text_atlas.bin"  ; initial: LEVEL 1-1 + SPIRAL OF DOOM
5684  8000
5685  8000                  SLOT 1
5685  8000                PAGE 5
5686  8000
5687  8000                  ; Экспорт в бинарники для SPG-сборки.
5688  8000                  SAVEBIN "main0.bin", #6000, #2000     ; slot 1 part — 8K
5689  8000                  SAVEBIN "main1.bin", #8000, #4000     ; slot 2 part — 16K (TrackData first 9572 bytes)
5690  8000                  ; TrackData spillover в slot 3 page #60 (track_overflow.bin = bytes 9572..end of level_01.bin).
5691  8000                  ; SAVEBIN читает с явной PAGE #0C чтобы получить правильные bytes (sjasmplus
5692  8000                  ; otherwise может emit'ить в неточные positions при cross-slot INCBIN).
5693  8000                  SLOT 3
5693  8000                PAGE #0C
5694  8000                  SAVEBIN "track_overflow.bin", #C000, #800   ; 2KB (2814 valid bytes + zeros padding)
5695  8000                  SLOT 2
5695  8000                PAGE 2
5696  8000
5697  8000                  SLOT 1
5697  8000                PAGE 6
5698  8000                  SAVEBIN "frog_p0.bin", #4000, #4000   ; frog 64×64 page 6 — 16K
5699  8000                  SLOT 1
5699  8000                PAGE 7
5700  8000                  SAVEBIN "frog_p1.bin", #4000, #4000   ; frog 64×64 page 7 — 16K
5701  8000                  SLOT 1
5701  8000                PAGE 8
5702  8000                  SAVEBIN "frog_p2.bin", #4000, #4000   ; frog 64×64 page 8 — 16K
5703  8000                  SLOT 1
5703  8000                PAGE 9
5704  8000                  SAVEBIN "frog_p3.bin", #4000, #4000   ; frog 64×64 page 9 — 16K
5705  8000                  SLOT 1
5705  8000                PAGE 10
5706  8000                  SAVEBIN "page_a.bin", #4000, #4000    ; cursor+balls+preview — 16K
5707  8000                  SLOT 1
5707  8000                PAGE 11
5708  8000                  SAVEBIN "page_b.bin", #4000, #4000    ; destroy frames + kz skull atlas — 16K
5709  8000                  SLOT 1
5709  8000                PAGE 13
5710  8000                  SAVEBIN "page_d.bin", #4000, #4000    ; initial overlay = LEVEL 1-1 + SPIRAL OF DOOM
5711  8000
5712  8000                  LABELSLIST "user.l"
5713  8000
5714  8000
5715  8000
5716  8000
5717  8000
# file closed: zuma_new_spg.asm
